Temperature,HeatIndex,WindSpeed,CloudCover,RelativeHumidity,Maximum Temperature,Minimum Temperature,Wind Direction,AQI
27.8,34,10.8,31,63.5,33,23,129.65,0
28.2,36.5,11.4,26.8,65.6,34,25,139.29,0
28.4,37,11.4,36.5,68.98,33,25,148.29,0
28.4,38.3,12.8,35.5,71.23,34,25,143.75,0
28.8,36.9,13,35,63.78,35,25,127.23,0
28.6,35.7,12.4,32.3,56.69,35,24,151.55,0
28.3,34.5,13.9,38.3,58.36,34,24,136.42,0
28.1,34.1,12.8,27.8,55.06,34,22,126.05,0
28.5,34.7,10.3,20.3,50.19,35,22,113.81,0
27.9,33.3,13.9,20.6,53.81,34,23,116.58,0
27.6,34,12.8,23.1,56.7,34,22,104.89,0
28.3,35.7,11.4,23.8,57.54,35,23.9,109.05,0
27.9,37.3,14.2,25.9,62.79,34,24,139.77,0
28.8,35.1,10.3,26.4,54.35,35,24,138.59,0
28.3,32.9,11.4,54.8,54.59,32,24,91.33,1
28.1,34.7,9.3,44.6,57.74,34,23,69.38,0
28.8,34.5,12.4,41,55.11,34,24,73.19,1
28.6,35,10.3,57.9,56.01,33.7,25,141.69,1
27.9,35.1,11.4,36.8,61.25,34,23,160.41,1
27.9,34.5,11.4,29.8,54.89,34,22,185.53,1
28.2,34.6,12.8,25.9,60.17,34,23,165.8,1
28.1,34.7,12.8,32.2,60.36,33,24,140.44,0
28.5,35.3,12.8,31.4,58.23,34,24,130.65,0
28.5,36.9,16.1,23.2,61.7,35,24,124.19,0
28.5,36.5,12.8,29.2,60.46,34,25,130.43,0
28.4,36.5,11.4,27.2,60.26,34,25,139.04,0
27.8,37.3,13.9,29.7,68.28,34,24,142.57,0
28.4,37.3,10.3,46.4,66.91,34,25,151.3,0
28.4,37,9.2,42.5,68.76,33,25.9,158.52,0
28.8,37.4,13.9,45.2,65.22,34,25.9,132.59,0
29.4,37.7,13.9,28.3,57.69,35,26,131.17,0
29,36.5,10.3,36.1,63.81,34,25.9,141.83,0
28.6,38.3,15,35.3,68.15,34,25.9,146.5,0
29,36.5,13.9,31.6,60.19,34,25.9,145.65,0
28.7,36.1,12.8,42.1,64.38,33,25.9,147.5,1
28.1,35.8,10.3,46.1,67.95,32,25.9,176.68,0
28.3,38,11.4,33.8,66.41,33.8,24.9,154.79,0
28.5,36.3,11.4,26.6,64.33,33.8,24.9,147.76,0
29.1,37,12.8,39,66.79,34,25.8,145.5,0
29.2,37.3,12.8,43,66.53,34,25.9,156.48,0
29.1,36.5,13.9,30,64.06,34,25.9,160.58,1
29.2,39.5,10.3,38.3,65.32,35,25.9,162.33,0
29.2,37.3,12.8,29.3,62.54,34,26,146.83,0
29.9,37.4,15,25.6,56.99,37,26,133.26,0
29.1,35.9,15,39.5,61.96,34,25,120.19,0
29.8,36.9,11.4,35.4,54.66,36,25,105.65,0
28.8,35.7,11.4,25.9,56.11,35,24,114.33,1
28.6,36.3,13,31.2,57.09,35,25,116.85,0
28.9,36.2,11.4,12.8,55.12,34.8,25,135,0
29,37.3,12.4,25.2,63.25,34,25.9,152.18,0
29.6,37.7,11.4,23.7,60.77,35,26,137.25,0
29.3,36.5,13.9,37.9,63.46,34,26,146.26,1
29.2,37.5,11.4,35.7,67.43,34,26,148.85,1
29.5,36.5,10.3,53.5,66.1,34,26.9,155.22,1
29.4,36.5,12.8,40.3,64.23,34,26.9,149.43,1
29.2,36.5,11.4,35.1,65.42,34,26.9,148.54,0
29.7,37.3,11.4,29.6,62.47,34,26.9,149.86,0
29.8,38.3,10.3,50,67.18,34,26.9,154.04,1
30.1,36.5,11.4,36.3,60.79,34,27,149.13,1
30.2,40.1,11.4,34.1,63.14,37,25.6,183.74,1
30.4,41.9,12.8,57.3,66.59,35,27.9,184.83,0
30.5,41.9,13.9,46,68.18,36,28,173.61,0
31.2,39.8,11.6,45,65.36,37,28,193.88,0
31.2,40.7,10.5,49.9,66.53,37,27.9,199.7,1
31.3,41.9,15,40.6,64.49,37,27.9,196.41,1
31,41,13.9,41.1,66.17,37,27.9,190,1
31,38.9,12.4,33.5,61.52,36,27.9,153.67,1
31.2,41.9,12.8,47.7,64.83,36,27.9,154.04,1
31.6,40.1,13.4,46.3,59.24,37,28,124.92,1
32,41,12.8,43,51.59,38,28,132.3,1
31.3,39.9,15,35,61.1,36,28,147.92,0
31.2,38.9,11.4,41.3,57.49,36,28,160.48,0
31.2,38.1,11.4,51.5,59.13,36,27.9,163.5,0
31.1,38.5,11,43.8,61.6,36,27.9,156.88,0
31.7,39.3,11.4,39,60.08,37,27.9,159.26,0
31.9,40.1,13.9,52.9,60.23,37,28.9,155.5,0
31.1,41.9,12.8,45.5,64.08,36,26,189.5,0
31.8,42,13.9,43.9,62.92,37,28.9,184.26,0
31.5,40.8,12.8,46.5,60.8,35,29,166.67,0
31.2,39.8,10.3,40.3,58.54,36,27,124.35,0
31.8,40.8,13.9,48.2,58.24,36,28.9,160.25,0
31.9,41.9,12.8,55.4,62.02,36,28.9,147.9,0
32,42.3,13.9,54.4,62.41,37,28.8,166.45,0
32.3,43.2,15,51.6,61.71,37,28.9,146.3,0
32.3,44.5,13.9,42.8,63.22,37,29,134.38,0
31.6,43.2,18.3,61,67.03,37,29,156.63,0
32.1,42,12.8,49.3,60.83,36.8,28,132,0
32.1,43.2,12.8,53.4,63.26,36.8,29.9,146.64,0
32.2,42,11.4,53.7,63.01,37,29,148.67,0
32.4,40.8,10.3,47.9,60.08,36,29.9,154.86,0
32.1,43.3,13.9,56.1,62.25,37,29.9,160.52,0
31.9,41.9,12.8,57.5,61.5,36,29.9,154.91,1
32.2,41.3,10.3,49.1,59.72,37,28.9,160.95,0
32.3,42.3,13.9,51.1,61.73,37.7,29,128.22,0
32.5,43.2,13.9,54.9,60.63,37,29,144.6,0
30.1,40.9,13.9,66.3,68.71,36,27,212.88,0
30.1,40.6,16.1,64.8,74.43,37,25,142.61,0
28.3,41.8,13.9,75.5,83.4,33.1,25,130.83,0
29.3,40.6,14.2,68.6,74.14,34,27,200.95,0
30.4,40.6,13,53.6,68.98,35,27,212.33,0
30.5,42,11.4,62.6,71.19,35.8,27,254.5,0
29.2,41.9,16.1,68.2,76.93,35,27,244.3,0
30.5,40.8,12.8,59.6,67.13,36,26.9,278.44,0
29.1,41.9,23,61.6,73.84,35,26,244.87,1
29.3,40.6,18.5,70.3,73.97,34,25.9,244.63,0
30.1,41.9,17.2,64.9,72.06,35,27.9,240.88,1
27.4,40.7,13,85.9,85.86,33,24,212.91,0
29.3,39.3,11.4,61.8,77.39,34,25.9,234,0
29.8,39.3,13,60,69.61,34,26,241.45,0
27.9,39.3,12.8,70.7,83.55,34,24,197.95,0
27.8,47.4,8.1,55.6,93.14,33.6,24,201.5,0
30,44.2,12.2,57.1,80.23,35,26,202.17,0
30.6,41.9,18.3,42.9,77.53,35,27,205.45,1
29.2,40.6,15,45,85.48,35,26.9,214.73,0
29.7,43.5,17.2,64.7,81.63,35,26,223,0
30.4,43.5,12.8,54.8,81.26,35,26,227.5,0
30.2,43.5,14,64.2,81.25,36,26.8,253.18,0
28.1,44.3,11.4,68.6,93.68,34,25,221.35,1
28.5,43.8,13.9,59.6,86.45,34,25,218.95,0
29.6,40.5,13.9,60.3,78.76,34,26,232.4,0
31.3,42.3,12.8,54.4,71.41,36,27,249.3,0
30.5,43.2,10.3,58,77.73,36,27,246.68,1
29.8,42.1,12.8,77,82,34,27,214.61,0
28.1,42,15,79,85.77,32,26.8,205.85,0
28,40.3,11.4,74.8,84.5,32.8,26,231.25,0
28.8,38.1,6.9,47.7,79.34,33,24,196.47,0
28.8,40.6,16.1,58.3,79.4,34,25,239.29,0
27.3,37.9,10.3,63.5,84.34,32,25,213.38,0
26.5,39.2,16.1,84,90.18,32,24,208.47,0
28.2,37.8,9.2,71,81.8,32,25,183.94,0
27.8,37.9,16.1,78.7,84.47,33,25,236.25,0
27,35.1,12.4,80.7,86.03,30,25,239.68,0
26.1,37.1,8.1,75,91.69,29.9,24,125.08,0
28.3,38.1,11.4,66.4,77.94,33,25,217.05,0
26.6,38.9,18.3,76.8,90.73,30.9,25,222.74,0
26.4,39.1,19.7,82.4,91.08,31,24,248.55,1
27.1,35.1,12.8,84.6,84.73,30,24.9,242.38,0
27.8,36.5,24.2,58.8,76.04,31,25,240.35,0
28.7,38.1,12.2,60.6,75.33,33,25,224.25,0
28.6,40.6,11.4,45.5,76.08,33,24,269.2,0
28.3,39.3,9.2,66,79.16,34,25,229,1
29.4,40.6,9.2,52.5,76,34,25,277.16,1
30.1,41.9,10.3,48.6,75.97,35,24,255.91,0
28.2,39.3,17.5,68,75.11,34,24,241.05,1
27.7,35.6,15,79.1,80.55,31,24,219.4,0
28.3,36.8,15,60.9,77.6,32,24.9,250.67,1
28.5,38.1,18.3,65.9,75.31,33,25,254.57,0
28.9,39.3,16.1,75.1,77.74,34,26,256.91,0
28.1,35.5,18.3,80.6,80,31,26,250.91,0
28.2,39.2,16.1,66,78.68,33,26,236.35,0
28.5,39.2,13.9,57.7,76.14,34,25,243.21,0
29.3,40.6,11,58.6,75.37,34,26,222,0
29.2,40.8,21.9,77.3,76.06,36,25,229.96,0
28.2,39,16,66.4,81.6,32.9,25.9,222.56,0
28.5,40.6,13.2,62.4,78.06,33,25.9,251.22,1
29,41.9,15,67,78.71,34,26,210.06,0
28.4,39.3,17.5,71.6,79.49,34,24.4,191.84,0
27.9,40.6,10.8,60.1,81.41,33.9,24,193.44,1
28.5,37.9,9.2,60.4,79.68,32,26,181.58,0
28.4,38,9.2,59.9,80.27,33.8,25,145.07,0
28,39.2,13.9,59.4,81.08,32,24,153.06,0
27.6,39.2,7.7,67.9,85.38,32,26,203.31,0
28.5,40.6,17.2,56.7,80.53,34,24,220.73,0
28.2,38.3,8.1,58.9,77.03,34,24,231.35,0
26.6,37.7,15.1,89.1,88.3,31,24,254.55,0
26.8,37,13.9,76,83.86,32.1,24,217.83,1
27.1,36.8,9.2,77.4,83.07,32,25,227,0
27.5,37,16.1,66.1,80.88,33,25,241.38,0
28.8,39.3,17.2,78.6,76.2,34,24.2,240.89,0
28.5,37.9,15.4,69.9,75.47,32.9,25,311.38,0
27.8,39.1,10.3,65.9,84.04,31,25.4,236.11,0
27.4,39.1,13.9,78.2,88.72,31,25,266.57,0
27.2,36.1,15,79.5,83.87,30,23,217.25,0
27.1,37.7,12.2,68.2,83.98,31,25,239.96,1
27.1,36.5,12.8,74.5,88.01,31,25,220.32,0
27.3,39.2,16.1,64.9,84.45,32,24,206.41,0
28.2,38.1,17.2,82.2,79.02,33,25,262.05,0
27.8,37.5,15.2,80.8,81.89,30.9,25,246.13,0
28.8,40.6,16.1,55.2,79.29,33,26,248.46,0
28.3,39.3,16.1,72.7,80.27,34,24,238.39,0
27.9,37.7,19.7,83.3,83.11,32,25,246.86,0
28.7,40.6,18.3,58.3,82.02,33,26,248.21,0
28.5,39.2,17.2,61.3,83.71,32,27,241.87,0
28.8,40.6,18.3,50.2,80.84,33,26,244.95,1
29,39.2,20.8,52.3,78.1,32,27,242.48,0
28.7,39.2,18.3,65.2,78.42,33,27,242.04,0
29.2,39.2,19.7,66.8,77.68,33,27,238.42,0
28.2,39,18.9,83.9,83.52,32,26,240.35,0
29.1,37.9,20.8,79,76.79,32,27,235.67,0
28.6,39,12.8,61.7,81.08,32,26.9,237.04,1
29.7,41.9,11.6,60.5,77.52,34,26,263.25,0
28.7,41.9,20.8,72.1,80.26,34,25,237.41,0
28.6,40.6,10.3,81.1,83.08,34,25,208.14,0
28,39.1,10,82.5,84.63,31,26,238.11,0
29.2,40.6,11.4,62.2,80.94,34,26,242.57,0
28.6,40.6,23,74.5,81.73,35,23,229.5,0
28.8,43.2,16.1,67.3,80.67,34,25,232,0
28.3,42.1,8.1,75.9,82.68,33,25,227.28,0
28.5,39.4,18.3,60.2,81.4,33,25.2,227.62,0
27.7,39.2,9.2,63.5,85.41,33,25.1,177.06,0
28.6,39.3,9.7,62.5,78.81,34,25,229.1,0
29.5,41.9,10.3,37.1,75.07,34,25,236.14,0
29.2,40.7,21.9,57.7,78.22,34,26.9,261.42,0
28.8,40.6,21.9,54.9,77.35,34,26,259.91,0
29.2,40.7,25.3,49.7,75.14,34,26,275.95,0
29,39.4,13.9,57,78.31,33,26,262.64,0
29.3,39.2,12.8,57.4,76.41,33,26,236.38,0
27.7,39.1,15,71.6,81.81,32,26,246.86,0
28.7,37.9,13.9,65.2,77.21,32,26,210.73,0
29,38.1,12,55.1,73.66,33,25,252.46,0
28,37.9,15,69.9,80.81,32.4,25,252.42,0
26.7,36.5,16.1,82.6,89.34,31,25,266.05,0
25.9,34.5,15,82.3,91.38,29,24,251.88,0
27,36.5,18.3,68.2,81.09,31,24,243.79,0
27.6,37,16.1,80,78.85,32,25,242.29,0
27.8,38,15,76.1,77.91,32,25,253.39,0
27.4,39.2,16.1,82.5,82.9,32,25,251.12,0
27.8,38.9,11,78.9,79.91,32,24,251.37,0
27.6,37.9,11.4,62.6,83.04,32,25,273.61,0
28.7,39.3,7.7,72.3,77.06,34,25,266.41,0
28.2,39.2,11.4,70.4,83.57,33,26,246.14,0
27.7,39.2,9.2,70.4,87.08,33,25,216.68,0
26.8,36.5,8.9,73.1,88.05,31,24,202.8,0
28,36.5,8.3,68.4,83.37,31,25,166.88,0
29.1,39.2,10.3,58.7,77.59,33,26,236.43,0
29.2,38.1,10.3,60.6,77.08,33,27,272.15,0
27.3,39.3,10.3,66.8,85.93,34,24,188,0
26.4,38.1,8.1,62.1,87.86,33,23.1,168.05,1
27,39.2,10.3,83.4,86.53,32,25,196.5,0
27.3,36.8,10.8,73.5,84.03,32,24,295.4,0
27.2,39.2,14.4,53.7,85.76,32,25.1,267.88,0
28.1,39.2,11.4,73.2,81.94,33,25,280.28,0
28,37.9,11,82.8,81.9,32,26,259.16,0
25.8,34.3,13.9,81.3,92.98,28.9,24,187.54,0
27.5,40.4,9.2,61.8,85.8,32.9,24,171.27,0
28.5,39.2,11.4,66.4,80.78,33,25,245.45,0
27.4,37.7,13.9,76,86.91,31,24,253,0
26.6,37.9,12.8,79.3,87.43,32,24,230.37,0
26,34.5,8.1,76.3,91.15,29.1,24,296.63,0
27,37.7,9.2,66.9,88.76,31,25,200.35,0
27.4,37.4,9.2,71.5,87.87,30,25,228.29,0
26.4,35.9,7.7,75.6,92.64,29.8,25,167.23,0
27.2,37.7,8.1,84.4,88.34,31,25,194.74,0
27.6,39.2,7.3,64.1,86.13,33,25,254.57,0
28.3,39.2,11.4,52.7,82.77,33,25,174.59,0
28,40.6,10.3,61.8,87.4,33,25,212.42,0
26.9,39.1,12.8,73.1,90.75,31.9,24,177.89,0
27.2,37.9,15.8,68.5,87.3,32,24,267.47,0
27.1,36.2,13,70,87.66,30,24.9,248.33,0
27.6,37.7,19.7,59.2,84.72,32,25,237.71,0
26.9,36.2,14.8,71.8,86.5,30,25,261.25,0
27.3,37.9,18.3,80.7,87.25,32,24,243.69,0
27,39.2,12.8,71.7,89.06,32,25,265.38,0
27.7,40.6,10.3,64.8,85.86,33,25,203.77,0
26.7,35.5,8.1,82.6,89.28,31,24,199.29,0
26,36.2,10.3,82.8,95.84,30,25,192.61,0
27.9,37.9,18.3,62.4,84.31,32,25,96.52,0
28.7,40.6,13.2,47.9,79.13,34,25,122.16,0
27.5,39.2,11.4,53.5,82.34,33,24,191.87,0
26.4,39.2,10.3,61.8,88.31,32,24,138.53,0
25.9,36.5,15,84,89.56,31,24,127.16,0
26.8,36.8,21.9,67.3,87.38,31.9,24,132.36,0
27.2,37.7,8.1,66.7,85.98,32,24,284.94,0
26.6,37.9,9.2,70.7,88.5,32,24,281.53,0
27.2,35.1,10.3,77.8,84.98,30,25,210.45,0
26.4,33.6,10.3,90.8,86.83,29,24,261.65,0
25.2,29.6,12.8,91.3,89.55,27,24,332.04,0
25.9,32.7,9.2,83.8,92.54,28,24,225.3,0
28.2,38.1,8.1,59.5,81.58,33,25,206.21,0
28.4,37.9,9.7,61.9,81.8,32,25,138.72,0
28.5,40.6,10.3,55.6,80.56,33,24.4,148.7,1
28.7,37.3,8.5,58,73.19,34,25,260.12,0
28.6,37.3,11.4,40,74.43,34,25,217.53,0
28.9,37,11.4,48.9,72.21,33,25,102.67,0
29.2,37.7,9.2,40.8,73,34,25,118.31,0
29.4,36.7,9.2,39.9,71.41,35,25,141.22,0
29.2,38.1,8.1,51,77.93,34,26,162.71,0
29.1,37,9.2,46.4,72.43,35,25,206.32,0
28,38.1,5.8,62.4,81.8,33,26,249.91,0
29.2,38.1,10.8,52.2,75.64,33,26,170.94,0
28.9,38.1,10.3,46.5,76.92,33,26,120.68,0
27.3,37.7,8.1,67.2,86.87,31,24,188.44,1
27.2,37.9,6.9,78.8,90.24,32,24,128.16,0
28.5,39.2,10.3,61.6,82.44,32,26,132.54,1
29.2,39.2,10.3,43.2,77.52,33,26,130.39,0
29.1,39.2,9.2,58.3,74.99,34,26,119.05,0
29.1,38.3,8.9,48.6,72.96,34,25,136.89,0
29.3,38.3,9.2,51.3,70.04,34,25,140,0
29.4,38.3,9.2,41.5,73.64,34,26,199.24,0
29,38.1,6.7,38.8,74.08,33,26,224.58,0
29.5,38.3,9.7,41.8,66.64,34,25,81.85,0
27,37.7,9.2,54.2,83.94,31,23,214.67,0
26.6,35.6,17.2,67.8,86.05,31,24,131.94,0
26.1,34.1,9.2,73.6,88.87,30,24,266.77,0
27.7,35.8,10.8,60.4,79.67,32,24,77.45,0
27.8,36.8,8.1,49,79.31,32,25,116.16,0
27.7,35.7,17.2,50.3,79.81,32,24,112.14,0
27.5,34.9,8.1,54.4,82.28,32,24,151.47,0
26.4,34.5,6.9,64,91.07,30.8,25,279.13,0
27.3,35.5,5.8,82.7,84.11,31,25,260,0
27.1,36.8,15,58.9,82.45,32,24,207.63,0
27,33.3,5.8,87.3,80.53,30,24.1,288.67,0
25.6,30.6,5.8,90.7,88.12,27,24,303.13,0
25.2,,10.3,94.9,94.58,26,24,311.67,0
24.2,,10.3,96.7,99.45,25.9,23,312.33,0
25.6,32.7,9.2,80,94.4,28,24,141.86,0
27.3,36.6,10.3,54.5,86.14,31,25,117.43,0
27.3,35.2,10.3,64.7,85.12,30.1,25,87.75,0
27.4,34.8,9.2,54.3,70.84,32,23,78.21,0
26.2,32,11.4,68.9,77.24,29,24,106.63,0
26.7,33.3,9.2,58.7,81.07,30,24,162.11,0
27.7,35.5,6.9,78.1,82.01,31,24.9,157.21,0
26.9,34.1,15,71.2,89.52,30,25,121.25,0
28.4,36.5,10.3,45.4,77.31,34,24,165.56,0
28.4,37,6.9,47.7,76.36,33,25,176.3,0
28.1,37.9,9.2,52.9,79.25,32.8,24,268.86,0
27.5,36.7,9.2,49.6,83.82,31.9,25,254.44,0
27.9,36.1,9.2,41.3,76.53,33,25,219.3,0
27.3,35.3,8.1,41.2,73.09,33,24,145.45,0
25.8,31.3,9.2,56.9,63.07,30,23,198.91,0
26.1,31.9,10.3,79.1,66.5,30,23,235.75,0
26.8,33,9.2,68.4,66.55,31,23,191.48,0
27.4,34.5,8.1,67.4,73.93,31,24,252.06,0
28.4,36.1,21.2,39.6,67.16,33,23,52.73,0
28.2,35.7,13,35.2,69.77,33.8,24.1,79.78,0
27.8,35.2,12.1,38.3,70.7,32.8,24,142.6,0
28.5,34.9,14.8,42.4,71.11,32,25,137.3,0
28.2,35.8,17.3,49.1,70.96,33,25,123.1,0
27.9,36.2,20.5,48.8,74.78,31,25,125,0
29,35.3,22.3,33.6,61.61,33,26,106.96,0
28.3,34.6,16.6,32.7,66.67,33,24,105.17,0
27.7,34.6,12.4,37.5,73.47,31,24,127.68,0
28.1,35.8,13,51.3,72.84,32,24,151.68,0
28.2,37,13,46.8,75.51,33,24,284.83,0
29.1,37.3,11.2,43.3,74.95,34,25,273.86,1
27.7,35.5,16.6,55.6,85.27,32,25.9,165.62,0
25.4,30.6,11.2,64.8,97.3,27,25,199.31,1
27.2,35.8,20.5,51.6,79.54,32,24,152.95,0
27.7,34.1,29.4,32.4,72.25,32.8,24,79.5,0
28.3,34.1,18.4,26.8,63.88,34,24,118.22,0
28.5,34.1,14.8,46.2,70.34,32,24.9,187.59,0
27.8,34.5,12.4,46.6,75.64,32,25,171.33,0
27.2,37,16.6,51.7,74.62,33,24,154.88,0
27.3,33.5,12.4,33.4,68.63,32,24,209.47,0
27.8,35.1,13,34.1,62.56,34,22,149.24,0
27.2,33.7,13,45.5,65.81,31,24,156.78,0
27.1,35.1,19.3,53,81.35,32,24,217.27,0
27.8,36.1,13,60.8,72.81,33,24,97.06,1
26.4,32.3,16.6,19.4,58.75,32,22,160.74,0
25.7,31.8,11.2,7.9,64.97,31,21,268.13,0
26.9,32.9,11.2,47.9,73.69,32,23,212.06,0
27.3,32.5,14.8,37.3,72.05,31,23,215.94,1
27,32.4,13,33,72.34,32,23,265.32,1
27.6,34.9,16.6,52,75.98,32,24,203.12,1
26.1,36.5,27.7,59.1,87.76,31,23,238,0
25.9,32.7,7.6,57.6,85.74,29,24,286.69,0
28.3,35.3,13,47.4,73.34,33,25,206.31,1
27.7,35.8,25.9,55.1,81.17,32,25,255.18,0
27.3,34.1,15.7,56.3,77.5,32,24,229.78,1
27.2,33.4,13,59.9,71.71,33,24,184.63,1
27.5,34.9,16.6,35.6,74.87,32,24,231.47,0
28.3,35.1,18,43.1,69.73,34,25,169.31,1
27.3,34.6,16.7,29.5,71.61,33,24,158.6,1
27.2,32.6,14.8,30.7,59.18,33,22,103.33,1
26.5,31.7,14.8,17.8,53.93,33,22,97.42,1
26.6,32.5,16.6,11.1,54.63,33,21,128.17,1
27.4,33.6,20.5,32.6,58.41,34,22,103.24,1
26.9,32.9,16.6,39.5,59.22,32,23,72.41,0
27.2,32.2,14.8,29,53.2,33,22,117.33,0
27.2,32.5,14.8,43.8,63.67,32,23,152.68,0
27.7,35.7,19.6,36.9,67.7,34,22,144.24,0
26.5,34.1,25.8,47.9,79.28,32,23,209.74,0
27.4,33.3,13,38.1,73.62,30,24,159.33,0
28.4,38.1,18.4,33.2,73.06,33,25,145.76,0
28.7,38.2,18,34,73.42,34,25.9,131.86,0
28.4,38.1,20.6,42.7,70.29,33,25.9,137.48,0
28.6,36.2,18.4,40.3,67.99,33,25,109.67,0
28.4,36.1,16.6,45.4,71.88,33,24,148.24,0
26.8,35.5,14.8,46.9,83.31,31,25,199,0
28.1,35.7,16.6,40.3,74.22,33.8,24,140.35,1
28.4,36.1,16.6,30.3,67.72,34,23,110.37,1
28.7,36.1,14.8,40.2,67.69,33,25,175.63,1
28,35.7,18.4,30.5,59.95,33.9,24,109.24,0
27.2,34.1,16.6,37.4,63.87,32,23,176,0
27.2,34.5,19.9,20.3,64.48,34,22,118.8,0
27.3,35.3,16.6,27.2,72.08,33,24,162.1,0
27.3,34.9,18.4,28,76.04,32,24,155,1
27.8,33.4,18.4,35.1,64.98,32.9,25,139.82,1
27.7,35,21.2,23.6,64.58,33.8,23,132.48,1
28,34.5,20.5,25.9,64.72,34,24.9,130.59,0
27.8,35.7,20.5,26.5,68.05,34,24,144.18,0
27.3,35.6,19.6,30.1,75.94,32,24,148,0
27.6,34.9,16,38.7,71.62,32,24.9,181.55,0
28.6,37.3,16.6,43.9,68.46,34,25,178.72,0
28.5,36.1,16.6,31.5,69.92,33,25,169,0
28.7,37.3,24.1,26.2,69.81,34,25,137.18,0
28,39.7,22.3,41.1,84.94,33,25,142.68,0
28.7,39.7,22.3,40.8,80.39,33,26,134.09,1
28.5,38.1,22.3,36.5,72.81,33,25,132.52,1
28.1,36.7,16.7,35.6,78.5,31.1,26,111.82,0
29,38.1,22.3,40.9,73.58,33,26,137.59,0
28.8,37.9,16.6,56.6,75.98,32,26.9,154.41,0
28.8,38.1,22.3,48.4,73.66,33,26,146.04,0
28.9,39,22.3,39.7,73.5,33.8,26,148.45,1
29.6,40.6,20.5,36.5,72.48,35,26,133.64,0
29.9,41.9,22.3,37.1,72.62,34,27,121.9,0
30,38.9,20.5,31.1,63.12,36,26,115.16,0
29.6,39.5,18.3,34.2,62.06,35,25,122.15,0
29.7,39.5,20.5,37.7,66.43,35,25,105.68,0
29.3,39.5,21.6,41.7,69.71,35,25,128.52,0
27.4,39.3,27.7,46.9,85.21,34,24,200.25,0
29.2,40.6,18.4,52.3,76.91,34,25,124.06,0
26.9,39.2,13,57.2,85.22,33.9,21,175.59,0
26.3,39.8,27.7,53.1,91.2,33,23,164.8,0
27,39.2,20.5,58.3,88.84,33,24,101.68,0
28.5,44.9,18.4,40.1,82.36,35,24,110.05,0
28.7,40.6,32,44.5,79.47,33,25,147.91,0
28.2,40.6,20.5,57.6,83.44,33,24.7,100.15,0
29.5,43.5,22.3,40.5,78.21,34,26.9,127.57,0
30.1,43.8,24.1,39,76.28,35,27,130.43,0
30,43.5,22.3,43.1,74.72,34,25.2,144.33,0
29.9,44.8,16.6,44.9,82.15,35,27,149.21,0
30.3,43,13.4,47.7,79.69,34,27,190.21,0
30.7,46,16.6,46,79.96,35,27.9,175,0
30.4,41.9,20.5,47.4,76.19,35,28,141.16,0
30.1,39.5,22.3,24.2,67.32,36,26,124.54,0
30.1,38.3,20.5,22.5,60.06,36,26.9,118.67,0
30,39.5,18.4,16.8,61.85,35,26.9,143.32,0
29.8,37.3,16.6,28.9,68.15,34,27,151.54,0
29.7,39.3,18.3,44.6,72.94,34,26.9,162.24,0
30.7,41.7,18.4,53,67.62,36,27,215.15,0
31,40.6,16.6,38.3,65.94,35,27.9,195.46,0
31,39.7,20.5,39.7,66.35,36,27.9,221.33,0
30.4,40.3,31.4,30.7,64.5,37,27,182.79,0
28.4,42.1,14.1,48,80.45,34,25.7,172.13,0
29.6,39.3,16,46.5,73.62,34,26,143,0
29.8,40.4,18.4,44.6,73.48,35,26,196.73,0
29.1,39.3,22.3,42.1,75.52,34,25,134.29,0
29.3,39.1,13,52.9,76.26,34,26.1,224.07,0
30.7,42.1,11.2,51.2,73.17,34,28,201.79,0
30.3,43.1,16.6,52.5,73.18,35,26,207.7,0
29.3,40.6,13,58.3,77.88,33.1,26,239.58,1
28.7,39.3,20.5,43.3,81.11,34,26,162.41,0
26.9,35.8,25.9,50.9,86.07,30,25,207.33,0
28.7,39.1,18.4,53,78.62,34,26,119.44,0
28.3,40.6,17.7,51.6,82.81,33,25,133.33,0
28.7,40.6,20.5,47.7,77.22,33,25,110.52,0
29.3,39.2,20.3,44.8,75.68,33,26,131.82,1
29.9,40.7,18.4,40.5,71.91,34.9,25,111.05,1
29.1,38.1,14.8,51.8,79.57,33,26,98.91,0
28.3,40.5,17.3,49,86.18,33,26,141.94,0
27.4,39.2,24.5,51.8,87.56,33,26,191.36,0
27.5,39.2,19.6,50.3,88.43,33,26,154.6,0
29.2,40.6,18.4,49.2,78.66,33.1,26,228.27,0
29.9,43.3,20.9,42.7,78.79,35,26,231.24,0
28.9,42,18.4,47.6,83.52,34,25.9,238.88,1
28.5,41.8,24.1,50.2,82.2,33.9,25,195.88,1
28.6,45.3,27.7,51.7,86.6,33,26,222.25,1
29.1,42.1,27.7,48.1,82.08,35,26,245.71,1
28.8,44.2,16.6,46,86.88,34,26.1,244.78,1
28.8,42.3,14.8,48.7,84.87,34.2,26,190.94,1
29,42.3,31.7,52.1,84.24,34,27,254.55,0
27.9,40.6,27.7,60,89.05,32,26,267.94,1
28.7,41.9,19.3,57.3,85.42,34,26,263.25,1
28.9,42.3,18.4,45.2,86.39,32,27,236.86,1
28.6,45.7,21.2,49.8,85.15,33,26,214.65,1
27.4,40.4,14.8,55.2,90.87,30,26,206.5,1
28.6,43.3,16.6,47.9,86.54,32.8,25,217,0
30.3,42.2,14.8,43.4,79.16,34,26,204.62,1
28.9,42.3,19.6,47.5,85.67,32,26,250.78,0
28.5,36.8,16.6,50.2,77.06,32,25,253,1
27.9,40.6,22.3,51.4,88.3,31,25,196.29,0
29.5,41.9,13,49.7,77.11,34,25,232.18,1
27.4,40.4,49.7,53.6,88.73,31,24,238.32,1
28.1,40.6,22.3,50.1,84.19,33,25,273.13,1
30.1,39.3,18.4,34,73.2,34,26,284.14,1
29.6,39.2,16.6,51.1,80.1,33,26,267.83,1
28.3,42,18.4,57.7,86.56,32,25.9,199.7,1
29.7,40.6,14.8,50.2,76.17,34,25,276.91,1
30.9,42.2,11.2,37.8,71.69,35.9,26.9,260.38,1
29.7,41.8,20.5,45.4,80.47,33.6,27.9,229.13,1
29.1,40.6,16.6,48.9,84.18,33,27,220.4,1
29.9,40.3,18.4,42.1,75.01,34,26,257.96,1
29.9,40.6,22.3,52.6,76.7,34,27,249.38,1
27.9,40.6,20.5,56.2,85.31,34,24.9,242.3,0
27.1,42.3,24.1,53.7,87.9,31,25,272.06,0
27.1,37.4,18.4,55.2,87.08,31,25,258.05,1
28.1,39.1,18.4,53.2,79.89,32,25,259.84,1
27.3,35.1,24.1,62.4,84.53,30,25,266.95,1
27.7,40.1,18.9,48.8,86.95,32,25,247.75,1
27.9,39.2,16.6,52.8,84.23,33,25,205.82,1
28.7,38.8,20.5,56.6,84.27,32,27,195.13,1
29.1,40.3,22.3,49.1,79.68,33.8,25.1,216,1
28.6,38.8,22.3,50.2,81.45,34,26,234.24,1
29.3,40.4,29.5,57.3,78.09,33,24,218.48,0
28.6,39.2,16.6,54.7,81.51,33,25,279.81,0
28.6,39.2,18.4,53.2,80.32,33,25,228.19,0
28.8,39.3,16.6,61,80.24,33.1,24.2,255.95,0
27.3,37.7,16.6,52.6,85.68,32,25,257.64,0
27.4,37.9,18.4,54.3,86.66,32,25,253.65,1
27.7,37.7,18.4,54,86.21,32,25,243.94,1
29.1,38.1,18.9,46,76.25,33,25,231.86,1
29.6,40.6,16.6,47.4,74.77,34,26,267.29,1
29.2,40.3,19.3,57.2,76.18,34,26,285,0
26.5,40.6,20.5,63.7,87.31,31.9,24,259.6,1
26.5,38.4,19.6,58.7,88.28,32,24,269.72,0
25.6,38.8,25.9,67,91.07,31.9,24,264.47,0
27,35.6,16.6,54.2,83.84,30,24,266.43,1
28.2,40.6,25.9,45.5,83.13,32,25,254.57,1
28.2,40.6,25.9,56.8,84.4,32,25.1,264,1
28.1,44.3,32.4,58.4,86.42,31,26,259.46,1
26.8,36.8,32,58.9,91.3,29,25,246.88,1
26.6,39.1,31.7,60.2,89.99,31,24,253.13,0
27.2,39.1,33.3,59,88.29,31,24,241.67,0
28.3,42.3,29.5,52.1,88.28,32,25.9,238.83,0
29.1,43.4,25.9,57.6,84.32,33,26.9,248.29,0
29,42.2,29.5,50.4,85.81,33,26,243.54,1
28.4,45.2,25.9,51.8,88.92,33,26.9,244.75,1
28.8,43.4,27.7,52.9,87.72,33,26.9,246.25,1
27.9,43.5,27.7,65.1,88.77,32,25.2,236.33,1
28.4,48.5,25.9,58.9,91.08,32,26.9,238.43,0
27.4,42.2,25.9,61.4,86.22,32,25.9,234.25,0
26.2,31.9,18.6,58.7,85.61,28,25,218.23,0
28.1,40.6,21.2,54.1,82.96,32,25,205,0
29.4,40.6,14.8,53.5,75.6,34,25,254.67,1
29.1,41.9,22.5,52.7,78.42,34,26.9,234.83,1
28.3,40.6,15.3,64.8,79.84,34,25,224.9,1
27.8,40.6,25.9,65.6,82.38,33.1,24.1,221.53,0
28.5,42.1,20.5,51.3,81.68,33,26,255.44,0
28.6,40.6,29.5,52.3,82.08,33,25.9,207.38,0
29.1,43.5,19.6,55,77.91,35,26,219.94,0
28.1,39.2,22.3,59,81.91,32.1,25.9,232.81,0
27.7,40.6,29.5,53,84.89,33,26,215.57,0
27.8,37.7,16.6,59.3,82.8,31,25.9,256.57,0
27.2,34.9,20.5,62.7,83.59,29.9,25,247.04,0
26.5,35.1,20.5,69.6,86.09,30,24,279.95,0
27.6,37.9,20.5,64.9,81.5,32,24,237.7,0
28,40.6,27.7,59,81.55,33,25,244.87,0
28.4,40.4,20.5,48.4,78.96,33,25,268.45,0
28.3,40.6,24.1,71.3,81.84,34,25,254.43,0
27,40.6,35,66.4,89.46,32,25.9,235.08,0
28.4,39.1,18.4,62.5,80.34,32.8,24,252.57,0
28.2,38.1,31.7,58.3,82.33,33,24,260.13,0
26.6,37.9,18.4,57.6,87.57,32,23,253,0
27.9,38.9,25.9,64.1,80.17,32,25,235.58,0
28.2,38.1,20.5,53.1,79.07,32.9,26,223.04,0
28.8,37.9,14.8,58.8,77.1,32.9,25,254.57,0
28.1,39.3,19.6,61.8,81.59,33,26,236.5,0
29.2,41.9,16.6,48.7,78.47,34,25,244.94,0
27.9,40.6,14.8,61.4,84.36,32,25,240,0
29.3,40.6,20.3,59.6,78.26,34,25.9,284.33,0
30,40.6,20.5,48.5,76.24,34,26.9,236.3,0
29.4,41.9,18.4,55.6,79.71,35,26,236.39,0
29.2,40.7,22.3,59.9,79.61,35,25,249.17,0
29.9,40.6,14.8,52,76.89,34,26,232.09,0
27.9,40.6,24.1,52.3,82.81,33,25,261.25,0
29.1,40.4,11.2,55.9,79.53,33,25,303.5,0
30.4,43.5,20.5,50.7,76.86,34,27,302.33,0
27.6,40.6,37.1,67.6,86.27,32,22,243.64,0
28.5,43.5,22.5,65.5,83.02,34,23,283.15,0
27.4,40.6,24.1,60.6,85.56,33,23,248.05,0
26.8,37.6,23.5,58.3,92.45,30.9,25,278.4,0
26.9,37.4,16.6,66,93.09,30,25,221.56,0
26.5,36.5,19.3,66.3,91.68,31,25,279,0
27.7,39.1,19.3,68.1,87.49,31,25,219.59,0
26.9,37.7,18.4,59.7,91.34,31,25.9,235.5,0
27.8,37.7,29.5,55.6,84.96,31,25,241.96,0
29.4,42.9,16.6,49,80.95,34,26,268.35,0
28.5,42.1,16.6,60.9,86.75,33,26,239.52,0
27.7,41.8,11.2,53.6,87.53,32.9,24,200.6,0
29,43.5,15.7,48.1,82.66,34,25,174.28,0
28,42.3,29.5,65.4,87.08,32,24,201.9,0
27.3,41.9,22.3,64.7,87.78,33,23,190.22,0
25.4,30.6,14.8,65.9,97.77,27,23,187.36,1
26,34.3,24.1,61.8,94.39,28.9,25,187,0
27.5,42.1,14.8,57,87.67,33,24,182.86,0
28.2,40.6,14.8,64.1,85.53,33,25,172.21,0
28.1,40.6,16.6,63.2,85.54,32,24,229.63,0
27.5,39.2,13,53.8,90.23,33,25,191.39,0
28.8,42.1,11.7,45.2,85.48,33,25,150.76,0
28.2,40.6,14.8,60.1,87.3,32,25,266.5,0
29.6,42.1,14.8,58.1,82.3,34,26,199.67,0
28.5,40.6,11.2,62.4,88.42,32,26,210.39,0
28.4,43.3,16.6,54.5,86.68,34,24,176.26,0
27,42.1,14.8,66.2,91.15,33,24,200,0
27,39.1,19.9,67.8,91.94,31,25,290.9,0
26.5,37.4,25.9,65.8,93.41,30,25,257.17,0
28.4,42.3,18.4,53.3,86.99,32,25,276.65,0
26.7,42.3,16.6,65.7,94.65,32,24,224.8,0
26,39.1,11.2,73.7,94.99,31,24,303.95,0
26.7,43.6,33.5,64.9,94.76,32,24,300.32,0
27.4,42,16.6,57,91.59,32.1,25,227.52,0
27.1,40.6,17.3,64.7,92.2,32,25,161.39,0
27.4,38.7,15.7,49.3,90.14,30.8,25,181.35,0
27.9,38.4,14.8,51.3,87.76,30.8,26,145.43,0
27,39.1,17.3,55.3,92.31,31,25,196.43,0
27.5,37.8,13,50.7,84.23,32.8,24,218.17,0
27.2,37.7,11.7,50.5,87.53,31,25,180.2,0
28.2,39.2,14.8,56.3,80.07,32,25,160.11,0
28.2,37.9,9.4,58.4,80.07,32,25,251.82,0
28.5,37,10.5,49.4,78.38,33,25,130.65,0
28.6,35.8,18.4,31.4,63.73,33,24,44.57,0
27.6,39.2,14.8,55.1,86.68,32,25,155.72,0
27.4,39.2,12.4,59.3,84.88,33,24,192.8,0
28.1,40.6,16.6,56.1,84.61,32,25,135.58,0
29.4,41.7,22.3,37.6,78.48,34,26,128.32,0
29,42.1,16.6,44.3,83.65,34,25,218.63,1
28,44.8,40.7,76.1,87.78,34,23,273.69,1
24.5,,17.3,64.6,96.17,26,23,218.24,1
27.2,37.7,24.1,59.3,86.35,31,24,156.57,0
28.2,39.2,14.8,41.9,82.97,33,24,139.29,1
28.7,40.6,16,50.7,80.6,33,25,125.59,0
28.8,40.6,13.1,42.7,81.12,34,25,200.19,1
28,39.3,16.6,47.2,82.67,34,25,116.63,1
28.6,39.2,13,43.4,78.53,33,24,100.32,1
28.6,41.9,11.2,48.4,80.04,34,25,101,0
28.3,37.9,13,38.9,77.73,32,24,60.7,1
28,36.8,14.8,52.4,79.13,32,25,64.24,0
26.5,33.5,9.2,58.5,93.86,28,25,173.69,0
28.3,37.4,11.2,35,76.17,33,24,128.19,0
28.4,38.1,13,43.3,74.71,33.8,24,178.71,0
28.4,39.2,16.6,61.9,79.3,32,25,68,0
28.4,39.2,11.2,58.3,82.85,33,25,165.69,0
26.8,39,13,51.4,92.08,31.9,25,171.82,0
27.3,38.9,9.4,52.7,88.66,31.1,25,250.8,0
28.1,37.9,11.7,40.8,80.08,32,24,244.62,0
28.3,39.2,14.8,41.8,83.82,32.9,25,201.38,0
28.3,38.1,14.8,48.9,78.36,33.8,25,243.19,0
24.3,29.2,21.6,51.8,61.49,28,20,231.79,0
23.4,27.7,22.5,52.2,58.26,27,21,156.08,0
24.5,29.8,27.7,53.9,64.81,29,21,182.38,0
25.6,34.5,14.4,50.9,77.09,31,21,232.5,0
28.1,37.7,13,44.9,74.22,33,24,123.65,0
27.2,35.8,20.3,43.8,70.58,32,23,102.77,0
25.5,37.7,20.5,59.2,88.38,31,21,137.21,0
27.4,37.7,21.2,51.8,84.67,31,25,150.35,0
28.8,39.2,18.4,48.2,79.56,33,24.9,119.16,0
28,38.9,18.4,41.3,82.07,33,24,131.68,0
28.1,36.8,13,35.5,76.32,33,23,110.73,0
26.6,33,20.5,36.5,71.85,31,23,93.05,0
26.4,33.4,9.4,39.7,71.04,30.9,22,146.44,0
26.5,33.8,11.8,35.6,73.23,32,21.6,156.89,0
27.2,36.2,14.8,45.9,79.73,32.3,23,190.11,0
27.7,38.7,15.5,54.9,84.21,32.6,24,185.91,0
27.5,36.6,14.8,65.9,86.15,30.3,25.9,158.48,0
27.8,38.6,18.9,52.6,83.95,32,25,133.04,0
28.3,37.9,16,50.7,81.22,32,25.4,138.39,0
28.3,39.7,17,52.9,82.54,32.4,25,125.91,0
28.3,39.2,17.4,54.3,81.21,32.9,25,154.5,0
27.7,38.4,14.8,48.4,79.49,33.4,25,236.76,0
27.1,34.1,12.2,52.1,69.86,32,23,94.59,0
26.4,32.9,16.9,39.1,64.9,32,22,91.91,0
25.4,31.3,11.2,52.6,70.91,30,21,98.05,0
26.6,33.6,14.8,72.3,81.94,30.4,24,267.05,0
27.1,34.8,11.6,68.2,83.28,30.8,24,224.65,0
27.2,36.5,13.1,84.2,85.02,31,24.9,223.17,0
26.7,37.4,13.9,67.7,85.41,31.6,24,255.58,0
25.6,32.7,8.1,87.8,94.42,28,24,232.5,1
27.7,37.5,12.4,69.5,81.42,33,23.6,189.63,0
27.2,37.2,11.5,69.8,87.04,31.6,25,280.37,0
27,35.9,9.8,81.4,89.3,29.5,25,217.41,0
27,36.5,13.4,72.5,87,30,24,155.25,0
27.6,37.7,15.7,80.2,82.24,31.5,25,124.76,0
27.3,37.3,15.8,68.2,80.1,31.6,23.6,158.82,0
27.2,37.1,13.1,58.6,82.27,30.6,24.6,214.48,0
27.4,39.2,13.3,73,85.78,32.6,24,197.5,0
27.6,40,16.7,75.3,85.62,32.3,25,185.16,0
26.8,38,14.8,78.5,86.81,31,24,207.3,0
27.5,38,18.4,55.1,83.89,32.6,24,255.57,0
27.2,38,16.7,63.2,85.69,32.1,24,195.32,0
27.6,35.5,13.4,65.7,78.44,31.5,25,203.29,0
27,36,15.8,63.6,75.33,31.4,23.6,149.59,0
26.9,35.4,16.8,48.4,74.57,33,23,97.84,0
25.9,32.9,13.8,47.6,74.87,30.6,21.7,279.74,0
25.5,31.4,10.4,45.2,70.57,30.6,20,245.06,0
24.6,30.2,12.6,43.6,67.17,30,18.6,185.71,0
24.5,30.2,15.1,51.6,74.64,30,20.6,157.25,0
25,30.2,18.2,40.7,71.92,29.4,21,172.68,0
25.4,31.2,17,42.7,76.28,30.5,21.9,171.14,0
25.9,33.2,14,60.2,79.87,30.6,22.9,152.05,0
26.2,33.5,13,67.4,79,31,23,201.68,0
26.9,33.8,14.8,42.2,69.03,33.6,22,110.05,0
26.2,33.8,15.4,47.3,67.01,31.5,21.1,208.77,0
26.3,34.1,16.3,32.2,77.17,32.4,21.4,248.25,0
26.6,35.8,14,43.2,81.92,31.6,23,207.52,0
27.7,38.1,14.8,62.4,79.98,33.4,24.9,172.78,0
27.2,36.8,19.6,51.9,80.05,32,24,168.32,0
27.4,37.8,20.7,58.9,82.79,32.9,23,178.78,0
28.6,37.3,25.2,37.3,71.54,34,25,131.92,0
28.4,36.9,22.6,38,66.46,35,25,141.35,0
28.8,38.4,18.4,45.6,68.39,34.1,24.9,123.36,0
28.8,38.7,24.1,36.9,70.66,35.1,24.9,146.89,0
28.8,36.9,20,53.1,69.26,35,23.4,96.91,0
29.1,37.5,15.7,26.5,61.44,35.6,23.4,105.58,0
28.7,37.7,18.8,31.8,66.64,34,24.4,136.64,0
27.8,35.8,17.3,41.3,72.96,33,24,138.71,0
28.2,36.6,19.2,38.4,71.58,34.4,24,231.33,0
28.5,37.7,18.6,37.8,74.95,33.6,24,174.79,1
29.1,39,17.6,53.4,72.5,33.4,26.4,147.38,0
28.6,39.2,19.5,53.9,79.58,33,25.9,148.79,1
27.8,36.2,15.5,61.4,83.65,30.6,25.9,152.33,0
28.8,38.8,16.6,38.8,75.38,34,24.9,150.29,0
29.4,40.6,18.4,44.3,75.53,34,26.4,140.22,0
29.1,39.2,20.5,45.7,76.01,33.4,25.9,143.88,0
29.8,38.5,18.4,36.2,66.13,37,26,120.3,1
29.7,39.6,19.2,31,63.94,36.2,24.4,136.5,0
29.1,37.2,20.4,44.5,69.56,35,23.8,127.05,1
28.6,36.5,15.5,49.2,67.26,34,24,149.52,1
28.7,35.4,14.7,38.5,62.53,34,24,136.43,1
28.8,37.9,19.5,41.4,66.14,35,24,183.68,1
28.8,36.9,18.8,45.9,66.5,34,25,125.64,1
28.5,38.3,21.3,53.9,72.08,34,25.5,152.36,1
28.9,39.8,18.2,48.3,74.66,34,25.9,144.13,1
28.9,39.8,19.6,40.3,75.53,33.5,26,131.67,1
29.1,38.8,22.3,50.3,73.05,34,25.9,129.17,0
29.5,38.4,20.5,41.5,68.14,34.9,26,132.83,0
29.3,38.7,18.5,41.7,71.24,34.4,25.9,146.38,0
29.1,40.8,17.6,44.3,77.69,34.6,26,144.52,0
29.4,37.7,18.4,48.6,74.06,34.6,26,135.38,0
28.4,38.1,16.7,72.3,78.98,33.1,26,138.43,0
29,35.5,16.3,53.2,66.82,34,24.4,114.32,0
28.8,36.3,16.6,37.6,62.67,35,23.4,117.82,0
29.6,37.3,18.4,39,63.58,34.4,25.6,115.61,0
29.2,39,18.6,44,68.56,36.1,25,153.14,0
28.5,36.4,18.4,46.4,69.25,34,24,155.86,0
28.5,37.7,23.2,39.7,73.42,34.1,25.4,161.26,0
28.5,36,17.6,58.2,71.26,33,25.6,143.87,0
28.3,39.2,19.6,75.2,76.9,33,26,146.42,0
27.5,37.3,19.6,75,83.63,32,25,159.5,0
28.1,35.9,15.8,51.5,72.73,32.6,24,126.29,0
28.3,36.1,18.5,46.2,69.82,33.4,25,134.86,0
28.2,36.6,20.7,47.4,74.71,33,25.9,163,0
28.5,37.4,18.9,49.5,71.66,33.6,25.9,151.63,0
28.8,36.3,16.6,52.1,73.01,32.7,26,141.79,0
28.9,38.3,20.5,59.6,75.35,33,25.9,145.42,0
30,37.3,17.7,60.9,66.74,35,26,97.05,0
29.4,35.6,13,66,60.88,32.6,27,139.45,0
29.8,38,18.2,45.2,59.81,35.8,24.1,144.22,0
30.7,39.4,21.8,61.4,60.95,35,27.9,128.5,0
30.1,41.3,22.3,48.7,72.34,34.9,26.9,149.3,0
30,41.4,20.5,40.4,73.54,35.6,27,148.38,0
30.2,42.7,18.2,47.1,73.85,35,27,144.35,0
30.4,42.7,18.9,38,73.84,35.8,26.9,151.38,0
30.2,42.6,20.2,62.4,75.19,34.4,27.9,145.21,0
30.5,41.9,22.5,45.3,71.44,36,27,129.7,0
30.4,39,16.2,55.7,67.54,35.7,27,125.82,0
29.5,40,15.8,60.5,74.22,33.6,26,202.61,0
29.9,39.3,18,51.8,69.44,34,27,140.42,0
30.1,38.6,18.2,51.4,69.84,35.2,27,143.21,0
29.9,40.1,17.3,50.8,73.02,34.6,27,150,0
30.1,40.6,17.6,47.7,73.78,35,27,156.38,0
29.7,42.5,16,75.6,81.12,34.4,27,157.54,0
30.3,42.7,15.5,60.6,75.28,34.6,27.9,171.76,0
30.6,41.4,18,60.7,73.89,35.6,27,164.48,0
30.6,42.2,20.5,57.2,73.51,35,27.9,119.21,0
30.9,41.4,22.7,51.9,70.94,35.6,27.6,128.08,0
29.8,40.6,18.2,52.9,77.93,34,27.4,124.63,0
28.9,40,20,52.1,83.24,33.6,26,143.26,0
30.2,42.2,18,52.3,76.48,34.7,26,146.43,0
29.6,40.2,13.7,60.6,75.4,35,24,193.5,0
30.1,40.6,18.9,59.6,76.68,34.3,28,147.1,0
27.9,39.8,21.6,60.4,88.21,33,25.4,179.05,0
28.8,40.8,16.6,48.2,80.33,33.4,25,134.68,0
29.1,41.4,16.2,56,82.42,34.4,26,181.7,0
28.4,42.8,15.7,71.9,86.27,33.9,26,145.62,0
28.3,42.6,20.4,81.1,86.9,34.4,24.6,174.96,0
28.2,41.3,24.8,68.4,86.87,33.5,25,207.06,0
29.7,43.9,14.4,56,81.08,35,25,179.31,0
29.3,40.6,14.8,59.9,81.41,33,26,143.41,0
30.1,42.6,16.2,48.5,78.04,34.4,26,121.43,0
29.6,41.6,19.2,56.6,81.11,34,27,113.19,0
29.7,41.2,21.1,59.6,79.27,35.4,25.7,118.71,0
30.5,43.7,17.1,46.5,78.06,35.2,28,117,0
30.6,44.3,16.6,55.7,77.86,35,26.6,130.96,0
30.4,44.2,12.4,66.1,78.92,35,27,185.19,0
29.7,42.9,22.3,58,79.97,35.6,24.2,211.06,0
28.4,41.8,14.5,64.8,82.24,34.9,23.4,234.22,0
27.1,40,20.7,76.3,90.11,33,24,158.94,0
28.1,40.8,25.5,75.2,84.48,34.2,25,205.22,1
27.3,41.6,16.7,70.4,91.6,32,26,216.1,1
28.5,40.6,17.8,67.1,81.49,34,25,120.62,1
27.7,43.7,19.5,67.6,88.15,33.4,25.6,222,1
29.4,42.7,13.3,59.9,79.78,35,25.4,152.05,0
28.9,43.3,18.4,70.4,85.02,35,26,247.31,0
28.3,42.9,15.5,68.6,84.64,34.9,25,193.35,0
29,46.7,10.4,60.2,85.36,34.2,25.4,189,0
28.1,42.7,18.4,75.1,88.47,33.4,26,165.24,0
29.8,43.5,18.4,58.5,80.8,34,25,102.5,0
29.1,43.1,15.7,62.9,85.11,33,25,251.16,0
28.3,43.4,13.3,71.8,85.79,32.9,24.4,232.86,0
25.7,36.7,28.9,92,96.53,29,24,165.56,1
26.8,36.2,16.6,81.2,90.37,30,24,251.81,0
28,40.4,18.9,67.8,88.62,32,25.6,245.41,0
28.3,40.4,25.7,74.7,86.86,32.6,26,254.13,0
28.3,41.6,30.5,74.6,89.46,33,25.6,260.73,0
28.4,43,36.2,72.1,87.47,34,26,266.57,1
28.2,38.2,24.8,70.7,85.43,31.5,26,270,1
27,38.3,24.1,82.6,88.56,32,24,275.14,0
28.4,39.2,23.7,68.6,87.09,32,26,249.46,1
28.2,37.9,20.4,66.6,84.96,32,26,250.96,1
28.2,42.1,26.3,70.8,82.49,33,26,264,1
27.3,40.6,27.1,86.3,87.19,32,25,234.29,0
28,42.2,33.2,77.7,87.05,33.4,25,260.67,0
28.4,40.9,28.5,75.4,85.77,32.6,24.5,257.21,0
28.2,39,27,64.4,84.84,32,25,251.5,0
26.8,40,24.9,78,93.03,31.4,25,213.04,0
27.8,39.7,23.1,78.6,89.23,31.4,25.9,229.25,0
28.4,40.7,21.9,72.7,88.09,32.6,25.4,225.42,0
29.8,42.1,19.6,55.7,81.43,33.4,27,254.46,0
29.7,42,17.1,59.7,81.11,34,26,263.35,0
29.4,42.5,19.8,60.6,79.1,34,26.4,223.48,0
29.4,40.9,18.4,59.6,80.18,33.3,26,251,0
29.2,41.5,21,63.8,82.18,34,26.9,239.7,0
27,39.1,13.1,76.4,91.61,31,24.6,251.5,0
27.7,37.3,17.8,67.3,84.82,32,24,176.32,0
28.4,38.7,15,51.9,83.31,32.6,24.7,219.32,0
29.4,40.5,22.8,68.5,81.35,35,26,243.86,0
29.9,40.3,16.6,68.8,78.41,34.4,26.9,251.67,0
29.7,41.6,18.4,55.4,81.86,34.6,25.7,245.08,0
28.6,41.9,28.5,65.1,86.4,34.4,26.6,236.25,0
28.2,40.2,33.2,62.5,85.71,33.3,25,251,0
28.4,40.6,28.7,73.1,82.32,33,25.4,245.5,0
27.5,39.1,32.7,63.8,86.06,31.4,25,242.5,0
26.3,38.1,25.2,78.5,93.88,30.4,24.4,244.83,0
28,39.4,23.4,75.8,84.7,31.6,25,255.22,0
28.1,41.5,24.5,72.2,84.33,33,24,269.21,0
27.6,41.5,22.8,79.7,88.96,33,24,254.83,0
27.5,40.6,22.7,77.7,90.55,31.5,25,253.55,0
28.2,37.3,34.5,64.6,82.97,31.6,25,258.04,0
27.4,38.4,32.7,82.8,86.9,31,24.4,258.13,0
28,38,31.1,84.1,84.1,31,25,257.54,0
27,38.4,30.3,78.5,91.3,30.6,24.9,249.13,0
28.2,38.5,34.3,70.6,88.74,30.8,25.4,250.88,0
27.9,40.9,31.7,75.5,89.75,32,25,258.13,0
27.8,38.5,31.5,78.6,88.34,31.3,26,254.29,0
26.6,40.6,29.3,77.1,94.73,32,24.9,241.79,0
27.6,39.3,24.1,77.9,92.33,30,25,236.42,0
28.7,43.2,26.3,69.2,88.41,32.6,26.9,245.5,0
28.6,42.6,22.9,65.6,91.24,31.6,26.9,243.29,0
28.6,40.6,32.7,72.9,87.8,32.1,25.2,220.92,0
28.4,41.3,24.2,73.5,88.6,30.9,26.9,244,0
29.3,41.2,28.8,65.1,82.66,33,26.9,245.25,0
27.6,37.4,22.3,63.5,92.34,30,25.4,243.46,0
29.2,42,24.5,54.7,83.45,33.6,26,256.58,0
29.3,41.5,25.2,66,83.36,32.6,27,247.5,1
29.1,42.4,25.2,65.5,84.69,33.3,26.9,243.46,1
28.8,42.3,21.9,84.8,85.71,32.9,26.4,248.79,1
28.1,39.7,22,73.6,88.04,31.5,26,244.54,1
28.6,41.1,18.2,58.9,83.22,33.4,25,287.61,0
29.4,41.2,22.7,57.8,80.1,33,26,264.04,0
28.5,39.7,27.8,61.8,80.97,32.9,25,264.83,0
28.8,37.3,28.1,66.5,77.64,33,25.4,257.17,0
28.3,39.2,29.5,65.9,82.66,33,24.3,260.33,1
26.8,38.8,37.1,84.4,92.71,31,23,226.54,1
26.7,37.8,35.6,86.3,90.06,31.3,24,217.75,0
27.3,39.4,28.9,82.6,88.88,31.6,24.9,274.26,0
26.4,40,19.8,85,94.53,31.6,25,260.08,0
26.1,37.4,34.1,83.4,90.7,31,24,251.13,0
26.3,36.2,29,84.2,90.86,30,24,238.25,0
26.9,37.1,35.3,68,88.86,30.6,24.9,249.75,0
27.5,37.7,34.5,72.9,85.94,31,24,248.29,0
27,39.1,29.3,82.9,91.63,31.4,24,260.13,0
26.7,39.6,18.8,83,94.82,30.4,25,245.71,0
27.5,38.9,27.7,84.8,90.48,31,25,252.21,0
28.7,40.4,28.9,85.3,85.39,32.4,26,253.29,0
28.8,40.6,31.8,81.5,84.25,32,26.9,243.63,0
27.2,39.7,30.1,81.9,92.04,31.4,24.4,229.26,0
26.9,39.7,24.4,80.8,91.67,31,24,256.52,0
27.9,40.6,22.6,69.9,87.09,32,24,257.54,0
28.2,41.6,24.1,65.4,86.82,32.1,25,249.33,0
29,42.5,26.5,75.5,84.24,33.1,25.9,236.63,0
28.4,41.4,30.8,71.1,85.07,34,25.9,224.17,0
28.6,40,23.7,68.8,85.02,32,25.6,246.09,0
28.8,39.2,23.9,57.4,83.2,32,26,251.71,0
28.2,39.4,23.4,68.2,84.9,32,25,252.04,0
28.3,39.1,30.2,66.9,84.61,31.6,26,246.33,0
28.5,39.2,24.9,60.3,80.05,33,25.2,258,0
28.4,39.6,27.1,64.3,82.7,33.5,25.6,259.57,0
29.2,39.7,28.3,55.8,77.9,33.4,26,245.67,0
29.7,41.1,18.9,58.7,76.83,33.4,26.9,250,0
27.9,42.9,25.3,67.2,87.3,33.6,24.7,253.86,0
29.4,41.9,20.5,64.5,80.82,34,25.4,279.46,0
26,37.7,22.7,88.8,96.9,29,23.1,220.48,0
27,39.1,27.1,84.7,89.47,32,24,190.6,0
28.5,39.2,23.4,71.8,80.41,33,24,267.04,0
28.3,40,18.4,57.3,83.31,32.6,24.4,278.67,0
27.7,41.3,14.1,66.8,88.69,32,24.5,262.83,0
26.1,39.1,18.6,74.4,93.33,31,24,172.91,0
27.4,39.7,24.2,66.9,86.47,32.6,24,169.61,0
28.7,40,17.1,53.4,82.14,33,25,247.86,0
28.2,39.2,16.2,58.8,85.43,31.6,25.4,240.88,0
26.9,38.2,22.8,80.3,91.54,30,24.4,227.52,0
26.6,40.6,24.2,74.5,91.08,32,23,199.62,0
26.9,38.6,16.7,75.2,90.44,31.4,25,254.92,0
27.1,39.7,22,85.7,92.03,31.4,25.4,244.04,0
26.8,38.1,32.6,64.9,92.25,30.4,26,239.96,0
26.4,35.5,29.5,80.4,92.01,29,25,237.92,0
27.6,39.1,25.9,69.3,85.77,32,25,237.08,0
27.9,42.8,13.3,68.4,84.69,34,25,225.13,0
27.2,42.5,16.8,78.2,89.38,32.1,24.9,198.13,0
28.1,41.2,15.1,71.1,85.56,33,25,129.48,0
27.6,40,20.1,77,88.36,31.6,25,134.83,0
26.1,40,11.9,77,95.84,31,25,146,0
26.1,41.3,13.1,81.5,94.65,31.4,24,112.59,0
27.9,41.5,14.8,67.9,83.56,33,24,218.58,0
28.4,41.9,21.3,59.5,84.1,34,24,201.79,0
29.3,41.6,13.7,49,84.14,32.7,27,242.62,0
28.2,41.6,15.4,65.3,91.21,31.4,27,214.09,0
28.4,41.6,18.9,68.7,86.87,32.7,25,165.09,0
28.4,38.9,11.1,64.8,84.32,32,25.9,201.57,0
28.4,41.8,13.3,62.4,85.02,32.8,26,172.39,0
27,40.3,11.5,80.7,91.55,31.9,24,240.29,0
26.9,39.8,18.4,77.7,87.39,32.6,23.4,197.05,0
26.4,38.4,23.1,67.2,92.16,32,24,118.86,0
27.1,39.2,13.4,74.1,90.34,31.5,25,98.33,0
27.6,39,24.3,64.6,85.68,32.8,25,132.45,0
27.8,40,11.2,61.3,85.48,32.6,25,144.35,0
28.5,40.6,14.6,65.2,80.97,33,25,158.9,0
29.3,39,14.4,60,70.91,34.6,25,90.17,0
29.5,40.2,15.5,47.6,75.53,34,26,144.13,0
28.5,40.9,20,62.9,81.91,33,24,170.39,0
29.3,40.4,13.7,49.8,76.93,34,26,126.05,0
28.6,41.5,16.9,59.7,84.4,33,25,260.16,0
28.4,40,19.2,51.5,84.47,32,26,208.24,0
28.4,40.6,19.1,56.3,82.97,33,25.4,115.22,0
29.2,41.2,14.8,56.3,79.73,32.6,26.9,150.67,0
27.9,40.6,27.3,56.3,86.36,33.4,25.8,202.74,0
27.9,40.3,20.7,68.9,85.41,33.2,24.5,188.37,0
28.4,39.5,16.6,44.6,80.06,32.6,24,122.18,0
29.2,41.5,18.4,53.7,78.59,33.6,25.4,145.82,0
29.7,40.6,13.7,52.6,75.74,33.6,25.5,199.32,0
29.9,39.6,14.1,35.3,71.56,35,25.4,129.3,0
29,39.3,13.3,47.9,77.96,33.8,25.4,220.44,0
28,34.9,10.1,45.2,68.67,32,23,172.19,0
27.8,33.2,14.1,35,57.7,33,22,109.75,0
27.9,36.4,13.7,47.6,69.39,32.5,23,204.73,0
28.3,37.7,12,61,77.79,32.4,25,247.67,1
28.7,38.8,16.2,66.9,78.99,33.6,25,208.32,0
28.6,38.9,14.4,54.1,78.51,34,24,189.73,0
29.1,40.6,10.4,59,81.01,33.4,26,232,0
29.8,39.1,11.2,56.5,72.3,35,25,141.16,1
26.4,33.8,18.9,84.7,88.62,28.6,25,77.79,0
28.8,39.2,21.6,48.5,74.08,33,25,85.32,0
29,37.7,18.4,42.8,72.19,33.6,25,96.08,0
29.7,37.3,17.1,49.4,68.21,34,25,106.08,0
29.6,38,15.8,50.3,71.45,34.5,25,106.09,0
28,38.9,17.4,55.3,82.73,32.8,26,137.91,0
28.2,39.5,16.3,60.9,84.51,33.3,25.6,151.09,0
28.6,37.3,16,62.4,77.34,33,25,128.95,0
29.2,37.7,17.3,39.2,71.95,34,24.7,107.24,0
28.2,38.4,19.6,56.5,81.95,33,25,116.85,0
27.6,37.9,14.7,61.7,82.53,32,25,135.75,0
27.2,33.6,18.9,71.3,78.42,30,25,218.57,0
27.9,36.5,20.6,67.3,80.22,31,24.5,90.91,0
29,37,15.8,54.4,73.78,33,25,112.17,0
28.8,38.4,15.8,43.1,75.29,34.4,25,145.7,1
28.8,36.1,15.5,41.7,72.14,33,24,216.82,0
28.6,34.8,28.1,73.9,70.7,32.5,25,182.21,0
26.8,32.3,25.6,93.8,77.24,28.5,25.1,343.33,0
24.3,,35.7,100,92.72,26,23,328.63,0
24.6,,20.5,95.6,93.6,26,23,190.04,0
27.9,37.3,16.6,60.4,81.71,32,24.4,131.83,0
27,36.1,10.4,59.3,87.92,30.6,24.1,221.6,0
28.7,37.2,14,61,76.37,32.8,25,147.9,0
28.9,38.3,12.6,56.4,74.98,33,25,150.37,0
29.3,38.3,15.8,50.1,73.91,33.6,25.4,94.48,0
28.9,37,13.6,53.8,73.02,33.4,24.4,96.71,0
28.8,36.3,15.8,55.4,74.88,32,25,137.1,0
29,40.4,16.2,54.9,76.67,33.6,25,89.5,0
29,37.4,15.1,38.9,70.07,34,24,97.09,0
29.5,38.9,16.2,48,74.27,34,25.4,182,0
28.9,38.3,11.5,72.2,77.22,32.4,26,158,0
29.5,35.7,15.4,53.7,67.3,33,26.4,92.13,0
28.7,37.4,14.1,59.5,76.24,33.5,25,117.27,0
28.8,37.4,20.3,54.3,73.77,33,25,100.57,0
27.7,38.1,15.8,71.9,83.43,31.6,24.4,100.38,0
28,38.2,9.4,51.4,80.65,32.1,23.6,192.45,0
28.2,35.9,13.4,71.7,74.72,31,25,96.1,0
28,34,15.8,64,70.51,32,24,67.3,0
28,38.6,13.3,60.8,75.94,33.4,25,97.35,0
28.5,38.7,11.6,57.1,73.5,33,24,54.24,0
27.9,35.5,14,67.4,74.46,31.5,24,237.06,0
27.9,36.8,14.8,54.3,79.41,32,24,240.5,0
28,37.3,12.6,57.2,81.76,32,25,237.83,0
27.9,35.3,12.9,59.7,81.1,31.6,25,262.37,0
27.4,36.4,16.2,53.6,80.89,32.4,25,164.1,1
27.8,37.1,13,65.5,84.73,32.2,25,240,0
27.4,37.6,14.4,62.4,87.97,30.6,25,258.27,0
27,37.3,14.8,79.8,86.03,31,23,188.72,0
26.1,32.8,12,76.1,92.48,28.1,24.4,284.5,0
26.5,35.9,16.1,59.7,85.15,32.4,24,144,0
27.3,35.5,14.4,76.7,78.49,31,24,87.31,0
26.1,29.6,21.1,59.8,64.9,28,24,182.21,0
24.7,,16.2,61.5,79.7,25.4,24,42.25,0
27.1,34.1,23.1,58.6,72.88,30.6,23.4,71.18,0
29.3,37.9,29.5,43.4,65.28,34,25.5,92.21,0
29.1,35.4,25.5,32.3,63.36,33.6,25,109.42,0
28.8,37.3,19.6,29.6,68.81,34,24,105.09,1
28.8,34.7,15.8,15.2,61.05,34.6,23.6,90,0
27.5,33.5,17.7,43.2,68.05,31.4,23.1,114.78,1
28.3,35.2,15.8,34.8,64.86,34,23,144.39,0
28.8,35.7,20.1,42,62.52,33.4,24.6,94,0
28.6,35,14.4,41.7,62.28,33.4,24,100.22,0
28.8,36.4,13.3,50.6,66.31,33,25.4,112.85,1
28.8,36.5,12.6,49.6,68.49,34,24,136.25,1
28.2,35.6,14.1,32.6,66.15,32.6,23.5,178.53,0
27.7,34.5,15.1,51.8,75.68,31.9,25,234.04,0
28.8,35.8,13.4,40.6,67.82,33.4,25.6,142.5,0
28.1,36,14.4,50.9,74.1,33.6,24.4,119.67,0
27.9,33.9,16.2,33.9,61.44,33.6,23,100.46,0
27.8,34,14.4,32.8,63.01,33.4,22,160.77,0
27.9,35.4,16.6,45.3,69.23,32.4,24,190.77,0
28.1,35.9,16.6,42.3,70.72,33.6,24.4,198.78,0
27.5,34.9,15.5,44.9,70.77,33,23,161.59,0
26.5,32.2,17.6,35.3,64.8,32,22,174.1,0
26.6,31.1,14.8,30,56.13,32.6,20.6,150.09,0
26.6,31.6,13.4,25.5,61.39,32.6,21,157.36,0
26.9,33,13,25.9,66.09,33,22,163.96,0
27,33.5,14.8,30.9,61.66,33,22.4,141.38,0
27.1,33.4,16.6,26.8,67.08,32.6,23,190.95,0
27.5,33.9,15.8,27,64.93,32.9,23,100.67,0
28.9,35.5,18.4,16.3,56.15,35.2,25,86.17,0
28.1,33.9,15.5,39.5,54.43,33.6,23,133.29,0
27.7,34.1,14,48.8,66.98,33.1,23,148.55,0
28.3,35.3,16.6,48,60.2,33.6,25.4,138.05,0
28.6,35.6,17.3,33.9,60.26,33.5,25.9,138.95,0
28.4,36,19.6,35.8,67.94,33,25,126.63,0
28.3,35.6,19.9,52,62.7,33.3,25.9,130.87,0
28.3,36.3,19.9,47.6,66.23,33.6,25,141.96,0
28.2,36.7,18.9,46.6,73.09,33.2,25,147.35,0
28,37.5,18.4,38.2,76.77,33.4,25,147.7,0
27.4,36.5,18.4,57.7,78.12,32.2,24.9,161.2,0
28.3,35.6,22.3,23.4,62.7,34,24.6,136.46,0
28.6,35.9,25.2,34.2,60.22,35,21.6,115,1
29.6,36.3,23.1,38.4,55.14,35.6,26.1,115.41,0
28.6,35.7,19.6,31.3,53.6,34.8,24,101.52,0
28.7,34.9,22,28.1,56.42,34.6,23,111.25,0
29,33.7,24.1,27.2,50.17,35,24.9,112.83,1
28.7,36,18.2,32.7,62.31,34.6,23,117,1
28.5,35.4,18.4,41.3,69.7,33.4,25,144.74,1
28.4,35.8,21.6,55.7,74.92,33.1,25,143.63,0
28.6,37,22,47.7,73.33,33,25,144.43,0
28.9,37,18.9,44.4,70.29,34,25,131.08,0
29.2,38.8,20.5,37.7,71.25,33.9,26,134.46,0
28.4,37.9,19.9,58,72.85,32,26,141.46,0
28.3,36.1,20.7,43.5,66.6,33,26,132.54,1
28.2,37.2,21.3,29.6,66.74,33.6,25.5,146.17,0
28.7,37,23.4,29.2,65.23,34.2,26,128.42,0
29,35.7,17.8,40,59.01,34.6,25.9,121.13,1
29,35.7,20,20,58.34,35,24.4,115.08,1
28.8,35.1,19.9,26.6,61.14,34,25.9,131.33,1
28.5,35.7,21.3,40.1,64.77,34,25,136.88,1
28.1,34.4,20.1,45.5,62.31,32.8,25,133.54,1
27.6,34.1,17.1,41,67.11,32,23,145.43,1
27.6,34.9,17.6,39.8,70.94,32,24.9,153.65,1
28,34.7,17.3,28.4,66.6,33.6,24.4,150.33,1
28.5,36.4,17.6,35.9,71.27,34.6,23.6,161.52,1
28.4,38.1,19.5,32.1,74.51,33.4,25,168.65,1
28.8,36.1,17.6,38.1,71.52,34,25.9,149.52,1
29.3,37.3,18.4,37.4,69.44,34,25.9,153.33,1
29.5,37.7,18.2,40.7,69.89,35,26,167.65,1
29.7,40.4,19.2,50.8,73.43,35.6,25.9,203.57,1
29.3,38.9,18.5,48.3,75.06,34,26.9,182.92,0
29.9,39.8,18.4,42.2,72.08,35.4,26.9,147.78,0
29.3,37.7,18.9,57.2,69.56,33.6,27,146.13,1
29.8,37.8,18.4,31.1,68.2,36,26,136.48,1
30,37.4,18.4,41.8,66.3,35,26.8,135.2,1
30.4,38.6,16.6,36,65.78,36,26,116.41,1
30.5,38.4,19.5,35.2,58.05,36.6,26,132.63,1
30.1,37.6,20.5,43.9,62.8,34.8,27.3,142.92,1
29.6,38.7,18.9,48.5,69.2,34,27,141.04,1
29.7,39.9,18.4,47.8,72.04,34.4,26.9,148.79,1
30.2,39.4,15.5,54.3,71.73,34.6,27,178.08,1
30.1,40,20.5,46,73.54,33.6,27.9,146.58,1
30.8,36.9,23.5,43.1,55.58,36.6,26,113.67,1
30.5,36.9,19.6,32.1,56.07,35.6,27,123.09,1
30,40.6,22.3,31.5,70.59,34.6,26.6,145.13,1
30.1,38.3,14.8,58,70.47,34.6,26.9,171.92,1
30.6,40.2,22.3,57.1,71.66,36,27,184.4,1
30.1,39.2,17.3,52.2,71.13,33.8,27.9,146.42,1
29.7,39.3,28.7,46.1,72.06,34.8,27,127.25,1
30,36.9,19.6,29.8,62.42,35.4,25.9,124,1
30,38.7,18.2,49,71.53,34,27.6,135.33,0
29,37.8,15.7,56.4,75.55,32.1,27,132.04,0
29.3,37.4,16.7,53.4,69.68,33.4,25,147.09,0
30.1,39.5,18.3,51,67.32,34.6,27,140.73,0
30.3,39.9,18.5,52.2,70.93,34.4,27,140.46,0
30.1,40.6,18.4,51.6,70.72,34,27.9,145.17,0
30.4,41.3,18.2,55.2,70.02,35.4,27,145.54,0
30.7,39.7,16.9,53.5,70.44,35,27.8,143.55,0
30.7,41.1,16.9,50.4,71.95,35,28.4,165.91,0
30.9,40.6,17.6,43.4,69.57,35,27,175.9,1
31,40.6,20.7,43.6,70.44,35.8,28,157.08,1
31,43.8,19.6,45.2,71.2,36,27.9,164.09,0
31.4,40.3,21.3,42.5,66.95,36.4,27.9,163.29,0
31.3,41.9,17.6,54,71.63,36,28,155.83,0
30.8,42,17.7,57.7,75.6,35.2,26,175.8,0
31,44.8,17.6,58.1,75.27,35.4,28.5,169.3,0
31.5,40.3,14,35.4,60.97,36.3,28.4,177.5,0
30.8,42.6,20,57.8,71.56,34.6,28.9,180.79,0
31.1,40.1,16.6,42.4,68.02,34.8,29,165.58,0
31.5,40.9,19.6,42,65.54,35.9,28.4,144.75,0
31.8,42.9,17.6,44.9,67.84,37.2,28.6,135.63,1
31.6,43.2,19.6,40.4,69.21,36,29,143.68,1
31.4,43.2,20.5,52.5,69.85,35.6,29,147.58,1
31,40.6,19.2,50.7,66.55,35,28,145.42,1
31.4,42.9,22.7,51.7,70.69,36.4,27.6,137.04,0
28,40.6,24.5,56.9,86.62,32.6,24.8,166.75,0
30,41.9,17.3,50,76.2,35.2,25.4,140.73,0
31.5,40.3,20,54.9,64.87,35.6,28,175.7,0
31.6,42,20.4,50,66.95,37,28,240.73,0
30,43.3,19.6,48.4,77.24,35,25.4,165.17,0
29.3,41.1,14.7,54.5,79.77,35.2,25,200.81,0
31,43.2,21.6,50.1,71.33,35.8,27.4,185.04,0
31.7,42.7,21.3,46.1,67.45,37,27,243.91,0
32.1,43.2,22.3,52.4,68.74,36.6,28.9,225.38,1
31.4,43.7,20.1,51.7,74.42,37,28.9,213.5,1
31.2,42.2,22.3,54.8,72.4,35,28.9,211.25,1
29.2,41.9,23.8,55.8,83.38,33.4,26,192.68,0
27.8,41.5,20.2,57.2,88.86,32.6,24.8,220.25,0
27.8,42.4,13,55.8,90.26,34,25.9,144.65,1
27.6,41.5,23.7,57.4,89.21,33,25,160.89,1
29.8,41.1,24.2,56.6,77.45,34.4,26.4,182.27,0
29.7,41.9,13.3,56.1,79.51,33.9,27,184.84,0
30.2,42.7,15.1,51.5,75.26,35.6,27,200.86,0
28.6,40.9,16.5,52.6,84.37,32.8,26,222.13,0
30.5,43.3,18.4,49.5,75.63,35,26,241.3,0
31,42.3,21.3,55,72.32,35.4,27.4,236.74,0
29.8,41.9,18.5,57.2,78.75,34.6,25.5,209.71,0
29.5,42.7,21,49.7,81.01,34.6,27,218.5,0
29.3,41.6,15.8,51.1,81.86,34.9,26.9,207.09,0
28.2,43.4,13.6,60.8,85.21,34.5,25,168.65,0
29.1,42,20.3,57.7,83.14,34,24.8,237,0
28,41.7,16.6,49.3,87.63,34,26,154.21,1
28.6,41.7,19,52.1,83.99,34.6,25,142.72,0
28.6,41.1,14.4,46.2,86.81,34,25.7,152.65,0
29.7,41.8,16.9,55.4,80.68,33,27,258.38,0
29.4,43.1,26.1,62.7,83.39,35,27,247.14,0
28.8,42.1,21.1,50.6,83.8,32,26.6,250.21,0
29.5,43.5,23.8,53,81.16,34,26,256.96,0
29.3,39.2,18.4,48,78.82,33.6,25.5,179.05,0
28.4,39.2,27.7,44.7,84.25,32.4,24.1,197.96,0
29.2,41.5,24.5,54.3,84.32,34.4,26,215.55,0
29.2,42.2,22.2,50.9,82,33.6,26,252.52,0
29.1,40.6,22.6,48.6,79.39,33,26,252.46,0
28,39.3,29.6,58.7,87.51,30.6,25.4,238.29,0
28.5,39.7,36.1,48.3,84.95,32,26.4,241.79,0
28.3,39.7,28.5,49.7,85.69,31.6,26.6,251.38,0
27.7,39.6,34.5,59.1,88.5,32,25.2,254.77,1
28.4,40,30.4,57.1,87.7,32.6,26,241.21,1
26.1,31.9,24.8,58.5,89.03,27.8,24.4,246.54,1
26.6,37.2,18.2,58.4,88.04,31,23,233.71,1
28.6,39.2,18.4,58,81.96,33.4,25,236.42,1
28.2,39,20,52,80.66,33,25,223.32,1
29.7,40,21.3,49.1,74.79,33.6,26,247.71,1
30,39.3,20.5,53.9,76.03,34,26,248.83,1
30.6,41.3,17.6,47.6,72.4,35,27,261.54,1
30.2,40,17.3,44.3,74.01,34,27,250.29,1
29.9,40.3,23.4,50.5,76.59,34.6,23.4,244.67,0
29.2,41.4,21.6,55.4,79.14,34.6,26.4,238.64,0
29.2,41.3,22.4,47.5,79.2,35,26.9,249.67,0
28.1,39.5,23.8,61.7,85.66,33.1,24,252.43,0
26.8,38.5,18.2,67.8,91.94,31,24,248.1,0
28.1,40.5,22.7,56.3,84.96,32,24.6,245.48,0
28.1,39.4,20,54.6,86.39,32,26,234.58,1
29,39.9,20.4,51.5,82.8,32.6,27,225.5,1
29.6,42.7,14.8,63,80.95,34,26,239.09,1
28.8,41.9,17.8,49.2,82.27,34,25.7,266.3,0
28.6,41.3,21.2,45.5,81.02,33.9,25,200.41,0
28.5,40.7,20,52.1,81.46,33.6,24,214,0
26.3,36.3,26.3,54.6,87.89,30.4,24,189.76,0
28.2,38.2,26.9,51.2,77.02,33.6,25,224.58,1
27.4,38,18.4,53.7,81.73,33,23.4,277.1,1
26.8,40.6,27.5,58.5,90.43,31.9,24,255.82,1
27.2,40.3,22,68.1,88.54,32.2,23.4,247.4,1
28.4,40.4,23.4,56.9,84.19,32.4,25,257.32,1
28.4,41.1,30.4,55.5,86.23,33.2,24.4,254.67,0
28.3,40.3,31.9,52.5,83.24,33,25.6,251.71,1
26.9,36.7,32.7,55.7,87.79,30,25,246.71,1
27.2,37.4,38.9,57.9,86.38,31,25,253.58,1
27.9,38.1,30.4,58,84.49,31.4,25,253.13,1
27.2,38.5,33.1,60.2,88.63,30.9,25.4,247.42,1
26.2,38.1,26.7,58,92.99,30.4,24,257.25,0
26.2,34.5,22.3,64.1,91.68,29,24,256.21,0
26.7,38.5,24.5,67.3,93.31,30,24,251.29,0
26.3,34.9,28.8,66.2,90.56,29,24.4,244.91,0
27.4,37.6,24.9,66.1,86.86,31,24.4,235.83,0
27.4,34.9,19.6,55.4,88.87,29,26.4,224.5,0
29,42,22.3,51.7,81.68,33.5,25.9,233.25,0
29,39.3,20.1,45.7,81.97,32.4,26,255.29,1
29.4,41.5,19.6,61.4,81.79,34.3,26,260.42,1
29.6,40.6,25.2,55.5,80.46,33.6,27,242.58,1
28.7,40.3,27.4,53.4,83.59,32.4,26,219.54,0
28.1,40.9,25.4,50.4,87.22,31.6,25.6,215.85,0
29,40,15.5,53.3,80.09,33.6,24.6,207.18,0
29.8,40.4,18.9,52.4,78.36,34.2,26,250.79,0
28.8,41.7,22.2,63,83.86,33.4,26,226.67,0
27.5,40.3,26.9,55.3,89.35,31.8,25,192.95,1
27.9,38.9,25.1,48.5,87.74,31,26,237.17,0
28.5,41.3,22.3,54.4,82.98,33.4,25.4,252.54,1
28.4,40.6,19.6,63.5,84.93,33,25,278.91,0
27.8,39.1,25.9,66.9,87.41,31.6,26,247.22,0
28,38.6,20.6,53.5,84.09,31.8,25,267.08,0
29.3,41.1,19.2,50.4,78.86,34,25.4,261.04,0
28.9,41.4,29.7,56.4,80.93,33.6,26,275.92,1
26.3,38.8,29.9,70.1,95.33,30,25,245.87,1
27.8,38.6,31.7,69,85.61,31.6,25,215.88,0
28.7,40.9,27,56.3,79.85,32.6,25,243.48,0
28,38.4,24.8,45.4,84.24,32.5,25,263.67,0
27.7,36.2,28.5,57.6,85.05,30.6,25,257.25,0
27.1,35.7,28.8,70,88.14,30,25,254.54,0
26.4,38.9,33.8,71,92.1,30.4,24,237.54,0
26.8,38.6,27.2,54.5,88.86,31.6,25,248.21,0
28.2,38.7,27.4,51.5,81.52,33,25,259.08,0
28.3,39.2,21.6,55.8,84.5,32.6,25.4,267.75,0
27.6,39.9,20.7,54.2,89.19,31,25,244.09,0
28.5,39.7,23.7,57.9,83.21,32,26,238.25,0
28.7,39.1,23.4,49.6,80.98,32.4,25.5,257.5,0
29.6,38.8,19.2,44.1,75.19,33.6,26,273.48,0
29.7,40.6,19.2,41,75.25,34,26.4,301.88,0
27.1,36.9,20,59.5,89.63,30.4,25.4,260,0
26.4,38.5,16.6,66.6,88.7,31,23.4,165.4,0
26.3,34.5,20.6,68,92.85,29,25,241.05,0
26.6,38.2,18.8,53.9,92.77,30,24.4,227.82,0
27.5,36.4,23.1,63.2,89.25,29.8,26,245.63,0
26.2,35.6,22.3,70.7,93.89,29,25,240.21,0
26.9,36,21.4,52.6,84.48,30.5,24.9,243.36,0
27.2,37.7,21.7,62.3,87.35,31,25,246.26,0
26.7,38.3,20.3,52.9,88.79,31.4,24,207.56,0
27.1,36.2,8.5,64.2,87.67,30,24.9,215.74,0
27.5,39.5,14.8,59.9,84.61,33,24,158.05,0
28.8,40,14,57.6,78.58,33,24,215.26,0
29.6,39.7,14.4,51.7,76.1,35,26,137.42,0
27.9,40.6,13.4,59.1,86.15,33.6,23.8,250.24,0
27.6,38.8,38.5,51.8,82.56,34,24,185.74,0
27.9,38.6,13.3,53.1,82.95,33.4,25,162.73,0
28.1,39.3,16.2,48.6,80.73,33.6,24,219.12,0
27.3,39.1,17.4,48.1,87.04,31.4,24.7,243.8,0
27.6,38.6,21.4,52.2,85.36,32,25,149.05,0
27.4,39.2,21.6,54.5,87.61,32,25,161.06,0
27.6,40.6,14.7,54.6,86.14,33,24,183.84,0
27.6,38.2,15.1,63.3,84.49,32.6,24,179.61,0
27.4,37.3,14.8,52.9,80.58,34,23,95.78,0
27.1,39.4,21.5,57.4,87.8,31.6,24,176.61,0
28,36.5,12.6,50.7,77.89,32.4,23.1,123.38,0
29.1,38,12.3,45.2,76.16,32.6,25,109.57,0
27.1,40,19.7,51.3,89.91,32,24,167.73,1
27.9,37,14.3,43.2,82.71,32.9,24,116.71,1
28.8,38.7,15.4,50.7,80.57,33,25,146.83,0
28.5,41.5,15.8,52.9,82.14,33,25.6,138.16,0
27.6,37,12.2,50.3,84.13,32,25,130.89,0
28.3,38.1,15.5,42.7,79.84,33.9,24,148.16,0
29.2,38.1,17.4,46.9,74.71,34,25,89.63,0
28.6,39.1,18.8,50.7,79.88,35,25,108.91,0
28.5,38.3,16.2,53.3,79.93,34,24.6,133.05,0
27.8,39.3,14,52.3,86.34,33.5,25.4,169,1
28.4,39.7,18.9,44.6,81.33,33.3,25,127.86,1
29.2,38.7,17.3,55.6,76.49,34,26,103.25,0
28.4,38.5,9.9,51.5,79.57,32.1,25,176.41,0
29.3,40,15.3,48.3,78.66,33.4,26,166.14,0
29.1,39.2,14.8,51.2,78.96,33.4,27,165.18,1
29.4,40,15.5,47.4,75.33,33.9,27,144.9,1
29,39,13.7,48.9,78.11,33,26,150.82,0
29.2,40.3,17.1,46.5,77.89,34.6,26,125.94,0
29.3,38.9,14.7,45.2,76.25,34.5,25,173.71,0
28.3,39.2,15.1,51.9,78.52,34,24.4,188.73,0
28.8,37,16.2,42,73.5,33.6,24,168.78,0
29.4,36.1,16.6,44.2,70.62,34,26,232.32,0
27.4,33.3,16.6,54.8,76.45,30,25,264.09,0
28.4,38,19.2,48.8,78.87,33,25,128.05,0
28.1,36.4,20.7,49.6,81.26,30.9,25,135.22,0
27,38.3,14,45.4,89.98,31.4,25,232.53,0
28.9,36.7,14.7,45.8,74.89,32.1,25.6,317.16,1
28.3,37.1,22.6,49,75.02,34,23,160.67,0
26.9,37.6,12.7,65.5,89.96,30.4,24.9,135.12,1
27.4,36.5,17.6,55.1,83.01,31.2,25,130.73,0
27.9,36.3,9.4,46.8,77.14,31.8,25,134,0
27,32.2,14,40.8,62.5,30.6,24,207.65,0
25.4,30.3,17.5,50.7,75.46,28,23,300.3,0
26.8,35,8.3,44.9,78.5,32,22,164.76,0
27.8,36.7,16.6,49.5,82.82,32,24.4,95.83,0
27.4,33.2,11.9,33.1,66.71,33,21.8,202.35,0
27.9,35.5,12.6,43.4,77.06,31.4,24.6,146.06,0
27.7,36.2,13,43.8,82.74,31.2,24.4,118.21,0
27.9,37.9,15.8,51.1,82.33,32,25.4,139,0
27.9,36.1,12.2,46.2,77.78,32.6,24,109.65,0
27.6,34.7,8.6,47.3,75.42,32,23.4,169.79,0
27.8,34.1,11.5,42.4,73.01,32,24,202.32,0
27.6,35.8,11.6,43.9,76.82,32,23.4,231.28,0
27.1,35.4,9.1,48,80.81,33,23,239.24,0
27.9,36.2,14.4,52.3,80.76,32.6,24,154.75,0
28.4,38,14.8,44.9,79.13,33,25,191.35,0
28.6,37.3,15.8,38.5,76.94,34,24.4,138.63,0
28.7,38.1,16.9,36,76.27,33,24.4,156.95,0
29.2,37.3,12.2,42.5,72.31,34,25.4,103.78,0
28.6,36.8,14.1,39,71.01,33.6,24.4,125.3,0
28.5,36.3,12.2,38.2,70.97,33.6,24.4,82.55,0
28.1,36,13.3,42.1,73.06,32.6,24.6,183.82,0
27,33.5,14.8,46.6,73.57,30.7,23,182.4,0
25.7,29.8,12.2,47.4,64.85,28.6,23,139.35,0
25.2,29.9,12.6,44.1,59.58,29.4,20.4,105.39,0
25.3,30.9,14.8,46.6,63.59,29.6,20,147.67,0
25.5,31.2,18.4,25.1,57.32,31,21,42.25,0
24.7,30.5,15.5,46.9,61,29.4,19.4,171.05,0
25.7,31.2,14.4,36.3,57.59,31,20.4,136.14,0
25.6,31.7,14,33.2,63.06,31.6,20,131.72,0
25.7,31.9,15.7,38.1,74.68,30.6,21,212.88,0
26,32,16.6,34.2,75.01,32,22,191.31,0
26.1,32.4,15.4,43.6,77.71,30.8,22,165.89,0
26.9,34.2,13,42.4,73.22,32.2,22.4,164.29,0
27.5,35.1,14,38.1,68.95,32.4,22,121.19,0
28.3,35.3,12.7,28.5,67.48,33.6,23.4,86.05,1
28.7,35.3,16.9,37.2,65.25,33.4,23.6,112.17,0
28.2,34.2,16.7,44.4,67.44,33.4,23.4,102.1,0
28.6,35.6,14.8,45.6,68.57,33.4,25,122.35,0
27.9,36.2,19.2,41.4,74.44,32,24.4,153.39,1
27.2,35.7,15.5,41.9,78.88,31.9,24,158.15,0
27.5,36.1,18.1,39.6,73.23,33,23,136.25,0
27.5,35.1,17.6,36,73.74,32.6,23.4,195.5,0
27.7,35.1,15.8,34.1,70.5,32.6,23,174.3,0
27.9,35.1,18.2,35.7,65.67,33.4,23.4,128.48,0
27.2,34.9,17.6,33.8,70.26,32,22,200.22,0
27.2,33.7,14.8,48.5,76.01,31,24.4,184.6,0
27,33,13,39.5,72.58,32.6,23.6,153.45,0
26.2,31.8,12.2,46.5,73.04,31,23,269.89,0
26.6,33.5,16.6,25.5,74.02,32,21.6,215.47,1
28.6,33.9,18.4,30.8,57.55,34.5,22,73.05,1
28.8,36.4,16.2,35.1,61.25,35.1,23,94.13,0
28.5,34.9,12.8,32.6,63.69,34,23.6,138.1,0
27.7,33.8,13,37.5,68.38,33,23.6,125.55,0
27.2,33,11.9,24.6,67.15,32.5,22.6,186.53,0
27.9,34.2,13,34.7,66.63,33.4,23,128.91,0
29.4,36.2,14,44.1,62.88,34.6,24,111.45,0
28.8,37,13.4,42.7,71.23,34.6,25,103.9,1
28.4,36.6,18.8,30.9,67.07,34.8,23.6,122.24,0
28.7,35.7,15.8,28,63.51,34,23.6,134.39,0
27.9,34.7,14.8,40.4,74.8,32,24,224.2,0
27.4,35.1,17.3,51.7,77.17,31.8,24.4,187.82,0
27.6,33.3,16.9,30.8,65.92,34,23,112.75,0
27,33.1,20.2,24.3,63.8,33.6,23,203.72,0
27.5,33.4,18.4,24.2,61.94,34,21.6,106,0
28.1,34.5,14.8,36.4,67.43,34,22.6,146,0
28.2,34.9,18.4,38.5,68.02,34,24.3,115.14,0
27.2,34.4,18.4,38.9,71.5,31.9,23.6,173.85,0
27.8,34.7,19.6,32,65.65,33.6,23,117.33,1
28.4,35.7,17.6,28,62.9,34,23,157.68,0
29.4,36,19.2,30.5,57.37,35.4,25,122.87,0
28.9,36.3,16.9,35.5,60.65,33.8,24,119.61,0
29,34.7,17.3,42.4,51.86,34,25,125.29,0
28.4,34,18.8,28.9,55.54,34.6,23,119.05,0
28.1,35.2,21.3,32.3,67.6,33.4,24.6,143.39,0
27.8,35.1,17.6,36.4,73.24,33.4,24,143.86,0
27.4,34.2,21.2,42.7,74.27,32,24.9,143.5,0
27.2,33.7,18.4,45.9,72.53,32,24,143.96,0
27.4,35.5,18.8,45.9,73,32.6,23.9,137.42,1
27.7,34.6,16.6,48.6,71.03,33,24,201.65,1
26.9,33.1,15.5,50.2,69.1,31,23,141.55,1
27.2,32.3,15.4,49,59.04,31.4,24,145.82,0
26.5,32,13.1,35.8,64,31.6,22,174.43,1
27,32.1,19.2,36.1,60.94,33,21.4,103.59,0
27.6,32.9,23.4,31.6,60.13,34.6,22,114.09,0
27.6,33.2,17.6,30.3,57.42,33.6,22,117.73,0
27,31.6,17.6,23.7,50.31,32,22.2,130.5,1
27.7,32.6,17.6,14.9,56.71,34.4,22.6,109.45,1
27.8,34.9,15.8,39.1,63.12,34.4,22,156.05,1
28.5,33.4,15.1,51.5,54.52,31.8,25,53.55,1
27.8,33,13,45.6,54.91,32.9,23,135.64,1
29,36.5,23.4,43.4,60.22,34.9,23,116.46,0
29.6,36.3,23.4,35.2,58.09,34.9,26,121.58,1
29,38,20.9,30,68.07,35.2,25.6,140.48,1
27.8,35.3,16.6,46.2,73.57,32.1,25,153.75,1
28.2,35.1,20.9,41.3,69.02,32.4,24.9,154.58,1
28.8,38,17.3,47.2,71.33,34.6,24,160.13,1
28.7,38.1,18.5,58.2,74.3,36,24.4,95.33,1
28.2,33.9,15.8,52.8,66.17,33,25,124.05,1
27.9,34,19.2,31.1,56.49,35,22,94.5,1
28.2,34.3,16.4,40.4,60.75,34,22.6,218.16,1
29,35.1,19.2,36.8,51.8,34.7,23.5,75.61,0
28.2,33.8,17.3,25.1,51.54,34.6,22,59.5,0
28,33.7,18.9,26.7,50.23,34.6,23,71.65,1
28.1,33.5,16.6,33.8,51.31,34.6,22.1,81.95,1
28.4,33.7,18.4,33.6,57.12,33.9,23,178.53,0
29.1,36.6,20.9,35.5,58.57,35.2,24,96.35,1
29.1,34.9,23.1,34.3,53.98,34.9,24,115.83,1
28.5,34.5,19.6,24.3,53.26,35,23.4,187.52,0
28.8,35.6,18.3,38,57.66,34.3,24.6,117.87,0
29.4,36.5,18.9,41.1,59.92,34.8,25.6,126.96,0
29.5,37,24.5,39.5,60.66,35,25.9,131,0
29.2,35.7,21.3,39.2,58.29,35,25.6,113.35,0
28.9,36,21.6,39.6,62.06,34,25.9,132.96,0
29.1,35.4,22,41.4,61.71,34,25.9,137.08,1
28.7,35.2,15.8,42.3,62.99,34.1,26,132.79,1
28.6,36.5,19.5,31.1,69.37,34.2,25.5,145.35,1
29.4,38.8,15.1,39.3,71.18,34.4,26,207.75,1
29.6,40.6,16.6,49.5,77,34.6,27,186.48,1
29.8,40.1,18.2,56.5,75.73,35,27,156.27,1
29.2,38.1,20,48.8,71.15,33,26.9,146.25,1
30.1,37.7,19.6,36.2,58.76,36,26,137.88,0
29.4,38.3,19.9,40.3,68.12,34.4,25.6,153.09,1
29.4,37.2,20.1,45.4,65.8,34,26.9,139.63,1
30.4,37.9,21.9,28.5,56.26,36.4,26.4,137.75,1
30.1,37.5,20.5,31.6,56.53,36.6,25.6,112.78,1
30.1,37.2,17.4,38.3,57.41,35.9,26.4,127.79,0
29.6,36.5,20,35,64.81,34.9,26,143.79,0
29.6,36.4,19.2,40.5,64.42,34.6,26.9,146.88,0
29.4,35,22,31.3,60.49,34.3,26,144.42,0
29.3,36.9,20.7,44.3,68.22,34.8,26,139.33,0
29.2,37.3,18.9,47.9,69.14,34,26,142.83,1
29.3,36.5,21.6,41.6,68.15,34,26.9,145.88,1
29.1,35.7,18.2,31.7,65.45,34,26,140.42,1
29.7,38.3,22.3,41.8,68.02,34.8,26.9,136.88,0
29.7,37.3,22.6,31.6,66.87,34.4,26.9,140.38,1
29.3,37.5,18.4,45,69.69,34,26,145.29,1
29.2,37,14.8,48.1,69.28,33,26.9,155.57,1
29.8,37.2,19.2,32.4,65.16,35.2,27,145.71,1
30,38.5,16.2,46.7,69.65,35,26.9,147.58,0
30.2,39,18,58.3,69.62,35.4,27,150.77,0
30.5,40.6,20.5,40.6,68.78,35,27.4,147.04,0
30.6,38.4,22.3,42.6,62.36,35.6,27,136.42,0
31,38.4,22.9,29.9,58.4,36.7,27.5,134.17,0
30.9,40,21.6,33.7,62.49,35.8,27.4,127.71,0
31.3,37.5,125.83,27.4,56.03,37.6,27,37.1,1
30.5,37.7,139.54,43.3,64.75,35,27.4,,0
30,37.8,150.38,41.2,67.08,33.6,27.9,,0
29.7,40.3,142,65.3,73.15,34.2,27.4,,0
29.6,40.1,110.54,64.1,74.81,34.9,26.4,,1
29.3,39,124.65,48.5,75.82,34.5,26.9,,0
29.7,38.1,140.13,43.1,71.37,33,27,,0
29.8,39.4,134.09,47.9,73.75,33.9,27.9,,0
28.2,35.4,148.67,59.3,81.21,31,26,,0
28.7,36.8,138.83,57.9,78.01,34.4,26,46.4,0
29,38.9,205.2,56.4,73.7,34.2,25,,0
30,37.7,128.96,45.2,65.39,34.6,26,,0
30.1,39.6,138.58,41.5,68.57,34.8,27,,0
30,39.6,129.96,42,71.02,35,26,,0
30.5,41.3,155.33,41.2,70.54,35.3,27.4,,0
30.7,41.4,143.7,38.4,69.04,35.6,27.9,,0
30.8,41.3,138.41,37.7,68.75,36.4,27,,0
30.9,39.8,143.52,52.4,71.54,34.9,27,,0
31.9,42,137.29,51,64.44,37,28.9,33.5,0
30.5,40.6,145.27,44.8,67.84,36.7,28,,1
29.1,39.1,160.65,45.7,73.44,36.6,26,46.4,0
28.5,40.1,189.16,50.6,77.61,35,25,,0
28.8,38.3,201.4,48.4,75.4,35,25,,0
29.6,39.5,178.6,51.8,70.67,36,25.6,,0
30.8,37.9,113.75,47.4,58.55,36.4,26,,1
31.1,39.4,132.09,40,59.23,36.3,26.6,,0
30.8,38.5,131.13,34.5,61.39,36.2,27,,1
30.5,38.3,146.17,46.7,65.41,34.4,28,,0
30.9,41.6,142.38,50.2,69.74,35.2,27.6,,0
30.9,40.7,148.59,47.6,71.29,34.9,28.4,,1
31.3,42.2,187.32,58.7,69.58,36.4,29,,0
31.5,39.9,162.54,56.2,67.16,36,29,,1
31.5,41.3,147.75,49.6,69.02,35.4,28.8,,1
31.5,41.4,171.64,55.7,70.1,36,29,,1
31.9,42.4,162.04,56.7,67.81,36.6,28.9,,1
31.8,41.2,158.52,53.5,66.96,36.3,29,,1
31.9,40.3,156.13,61.7,64.22,35.6,29.9,,0
31.9,40.7,148.9,53.1,64.28,36.6,28.9,,0
31.7,43.2,141.65,44.4,66.99,36.6,28.9,,0
31.9,40.8,123.82,51.8,65.65,37,29,,0
31.5,41.2,145.65,49.6,69.19,36,29,,0
30.6,41.9,173.64,57.2,75.87,35.6,25.4,,0
31.1,40.6,189.29,47.5,68.69,35.6,29,,1
31.8,40.8,213.55,49.8,68.04,36.6,28.4,,0
30.5,41.8,216.83,55.7,73.14,37.2,26.4,72.4,1
28.9,43.1,193.8,55.3,84.97,33,27,,1
31,42.4,210.9,51.9,73.23,36,26.4,,0
30.7,43.3,199.09,53.8,76.89,35.6,28.4,,0
29.7,41.2,222.7,54.3,81.4,33,27.1,,0
29.9,41.1,257.95,54.6,75.67,34.9,26.6,,0
28.5,40.6,163.11,52.7,85.81,35,26,,0
31.1,44,207.19,44.8,72.71,36,26,,1
30,41.8,241.35,52.4,76.64,35.4,24.4,,1
29,43.2,192.39,63.5,84.52,34,27,,0
29.3,41.3,165.63,56.7,82.36,34.4,26.3,,0
28,40.6,178.3,52.7,88.43,34,25.2,33.5,0
29.4,41.7,132.64,43.7,80.4,33.4,26,,0
29.6,43.3,188.05,60.1,77,35,24.4,37.1,0
27.5,40,173.88,55.8,84.34,33,24,,0
28.4,39.4,194.5,50.9,82.76,34.6,25.9,,0
27.7,39.2,239,54,87.83,33,25,,0
28.4,39.4,211.75,51.7,82.59,33.5,25,,1
28.5,39.7,247.52,50.9,83.64,32,26,,1
30.1,40.2,213.42,47.3,74.36,35.4,26.6,,0
30.7,41.3,255.67,46.6,73.26,35,26,,0
29.7,40.1,222.55,52.7,77.35,34,24.8,,1
27.4,39.5,209.1,63.7,88.91,32,25,,1
28.8,40.1,227.26,60.3,81.41,32.3,25,,1
29.7,39.5,261.58,49.8,76.59,33.6,25,,1
28.4,42.3,244.61,59.9,83.67,35,25,53.6,0
26.9,39.7,210.5,60.3,91.82,31.4,25.4,,0
27.5,39.2,195.47,59,89.23,32.6,25,,0
28.1,40.6,202.67,61,86.7,33.4,24,68.4,0
27.7,40.1,182.9,48.8,88.18,33.9,25,,0
30,40.8,230.26,44.8,74.74,34.5,26,,0
29.8,40,260.25,54,78.12,34,27,,0
29.7,41.5,181.95,64.8,78.26,34.1,26,,1
27.4,40.9,241.5,61.5,89.46,32.2,25.5,,1
28.9,39.5,180.8,54.5,79.68,34,25,,1
30.2,41.3,253.47,58,73.79,35,26,,1
29.2,41.4,236.53,53.3,78.46,34.5,24.6,,1
26.9,39.3,221.2,57.1,91.38,31.1,25,,0
28,39.1,214.32,55.5,82.94,33.5,25,,0
28.8,39.8,221.18,57,78.26,33,25,,0
27.4,38.4,216.43,63.5,86.33,32,25,,0
26,37.4,195.62,62.5,91.79,30,24.4,57.6,1
26.9,39.1,187.77,57,89.66,31,25,,0
27.7,38.6,200.59,51.5,85.09,32,25,63,0
28,39.2,244.92,56.7,82.18,32.4,24.4,,1
27.1,35.2,220.88,58.4,85.94,29.4,25,,1
28.7,37.7,276,47.8,75.09,32.2,26,,1
28,39.3,222.35,54.9,84.87,32.6,24.8,31.7,1
28,37.6,159.33,50.4,85.97,30,26,,1
29.6,40,160.68,54.1,78.57,33,27,,1
27,38,162.89,50.8,89.52,31.4,23.6,33.5,0
29.1,39.8,248.86,45.4,77.13,34,24.4,,0
29,39.4,238.14,50.9,80.15,33.4,27,,0
29.3,39.9,194.65,58.5,78.56,33.9,26,,0
28.5,38.8,254.79,57.1,80.06,33.6,25.1,,1
27.3,39.1,200.78,58.9,89.67,31.6,25,,1
29.5,41.4,236,51,77.87,35.4,24.6,,1
28.6,39.2,203.2,54.2,81.3,32.4,24,,1
29.6,40,201.42,48.2,79.13,32.6,27.9,,1
30,40.7,190.17,50.6,75.52,34.1,26,,1
28.2,38.6,227.39,47.2,84.15,31.8,26,,1
29.4,40.6,193.68,49.1,79.95,34,25,,1
28.1,39.6,188.82,63.3,87.22,32.3,24.8,,1
28.1,39.4,167.95,51.8,84.12,31.6,25,,1
29.8,40.6,158.5,51,76.26,34,25.6,,1
28,39.1,212.6,60,83.25,33.2,23.4,46.4,1
26.9,39.1,174.95,59.2,88.52,33,24.4,,0
28.6,40,162.5,55.6,81.62,33,25,,0
29,38.7,226.57,47.6,80.46,32.6,26,,1
30,39.8,206.94,49.8,75.25,34.3,26.1,,0
29,39.9,193.82,49,81.71,32.6,25.6,,0
28.6,42.3,239.81,59,80.16,34,24,,1
29,40.6,295.18,47.8,79.68,33,25,,1
28.5,40.3,263.42,60.6,84.31,32.9,24.4,,0
27.2,38.8,242.29,76.9,88.02,31,26,48.2,0
25.7,34.5,230.38,72.8,93.28,29,24.9,,0
26.3,32.7,240.29,60.5,92.04,28,24,,0
28.2,39.7,247.29,54.5,82.49,32.5,26,,0
27.2,40.6,268.41,56,87.43,32.6,23,46.4,0
26.5,37.7,270.08,67.5,89.95,31,23.1,,0
27.2,37.9,293.23,63,84.79,32,24,,0
27.1,37.1,265.26,59.8,90.7,31,25.2,,0
26.9,39,236.57,49,88.99,32.4,25,42.5,0
27.1,37.7,237.14,52.7,87.76,31,24,55.4,0
29.7,40.1,250.63,51.1,76.65,33.3,26.9,,0
27.9,39.1,221.68,60,88.33,31.3,26,,0
27.1,37.7,199.53,55.6,90.68,31,25.4,,0
27.6,39.7,205.25,56.2,84.91,32.4,24.9,,0
27.4,39.2,255.77,49.6,84.44,32,24,,0
28.7,39.2,279.38,50.3,79.18,34,25,,0
28.8,39.6,230.17,47.3,78.67,33,25,,0
29.2,40.4,278.39,59.2,76.76,33.9,26,,1
27.7,40.1,258.88,65.7,85.96,32.1,25,,1
28.3,39.1,223.05,57.5,80.52,33,25,,0
29.7,41.6,253.91,49.2,75.59,34,26.4,,0
29.6,39.8,229.54,52.1,77.37,34,27,,0
29.6,40,228.13,47.8,76.1,34,27.4,,0
28.9,40.6,245.06,55.7,80.71,33.6,26,,0
30.2,41.9,235.74,50.8,76.88,35,26.1,,0
30.4,42.6,251.25,54.2,77.06,35,27,,0
30.5,40.6,253.75,46,74.29,34,27,,0
30.2,41.5,248.71,49.7,75.49,34.6,27,,0
29.9,42.2,239.46,51.6,78.97,34,27,51.8,0
29,42.1,228.18,52.2,80.37,34.1,26.9,,0
28.7,41.7,222.92,50.3,79.81,34.8,26,,0
27.5,39.6,159.45,55.5,89.04,31.9,25,,0
28.6,41.1,228.26,65.2,83.92,34,25,,0
29.4,40.6,255.05,60.6,79.19,33.1,25.4,,0
29.1,41.5,203.59,56.5,81.23,34,25,,0
28.5,39.7,226.6,55.2,83.87,32.6,25.4,50,0
28.4,41.3,243.05,60,84.97,34.2,24.6,,0
28.6,40.6,238.36,43.2,81.36,34,24.1,,0
29.4,40.6,250.05,42.7,81.52,33,26,,0
28.7,40.7,251.95,51.9,84.7,33.4,27,,0
28.3,40,230.27,56.9,85.22,33.6,24.8,59.4,0
28.1,40.6,238.6,59.7,86.47,32.6,25,,0
28.5,41.5,255.64,58.2,84.02,34,25.6,,0
26.7,39.1,222.47,64.6,91.34,32,25,33.5,0
26.3,36.7,250.05,59.1,93.73,29.6,24.4,,0
27.4,37,256.13,59.3,84.93,31,24.4,,0
28.5,38.7,269,55.3,81.17,32.6,25,,0
28,40,268.79,56.9,84.21,33,25,,0
27.1,38,234.25,77,91.5,30.4,25,,1
25.3,37.4,177.7,68.1,95.4,30,23,,0
26.9,38.3,203.8,64.7,89.07,32,24,50,0
27.9,40.9,211.06,61,88.6,33.1,24.4,,0
28.3,40,187.83,57,86,33.5,25,,0
27,38.3,204.2,55.2,87.56,32,24,,0
27.6,40.9,197.5,52.3,87.82,33.4,25,,0
28,41.5,206.91,48.8,86.74,32.6,24,48.2,0
27.3,39.1,264.55,58.6,89.03,31,24.2,,0
26.6,39.1,240.23,66.6,93.33,31,24.9,,0
27.2,38.1,201.3,64.5,88.06,30.6,25,,0
27.1,38.8,269.35,53.4,89.43,30.4,25,,0
28.1,40.5,269.91,52.2,86.05,32.4,25,,0
28.6,41.2,290.71,52.4,84.02,33,25.4,,0
27.8,41.8,225.61,61.6,92.92,32.3,26,,0
28.1,40.9,253.95,56.1,87.58,32.6,25.1,,0
28.3,39.6,252.73,60.7,84.74,32.6,25,,0
26.4,38.4,265.68,59.8,93.1,31,24.9,,0
27.4,37.4,300.3,61.8,90.97,30,25,,0
26.1,33,276.32,62.5,98.19,27.6,25,,0
27.3,38.5,194.42,80.4,89.06,31.5,25,,0
26.4,36.8,173.35,79.6,97.4,29,25.6,,0
26.6,38.7,249,83.6,94.59,30.4,25,,0
26.4,35.5,258.65,87.1,96.7,28.4,25,,0
27,37.7,282.54,80.3,90.04,31,25,,0
26.7,36.2,270.5,83.3,90.95,30,25,,0
25.8,31.2,226.09,77.3,98.03,27,25,,0
26.5,37.1,262.63,77.1,94.35,30.6,25,,0
25.7,33.5,245.54,97,96.84,28,25,59.4,0
26.1,35.7,229.08,94.7,93.4,30,24.9,,0
26.3,34.5,223.19,97.8,92.65,29,23.4,,0
28,36.8,266.71,80.1,85.56,31,25,,0
28.2,39,281.25,69.3,83.2,32,25,,0
27.9,39.1,230,79,86.92,31,26,,0
29,39,252.63,64.5,76.69,33.4,25.4,,0
28.2,35.3,259.74,71.5,75.89,31.6,25.9,,0
28.1,35.6,230.04,66.8,75.26,32.6,26,,0
27.7,35.5,248.14,67.5,80.79,31,25,,0
28,35.9,281.04,50.7,74.16,32.1,25,,0
27.5,34.4,316.13,73.8,75.42,30.6,25,,0
27.1,32.7,284.09,99.6,76.23,29,26,,0
27.3,37.5,215.21,87.4,81.41,32.6,25,,0
28.2,38.6,204.71,61.1,78.38,33.4,24.4,,0
27.6,40.6,274.86,70.6,86.17,32.6,23.4,,0
28.2,39.2,279.57,73.7,84.15,32.4,25,,0
27.8,35.6,262.8,51.8,78.8,31.6,25,,0
28.6,35.6,205.35,47.9,75.45,33,25,,0
28,36.9,235.36,65.2,81.1,31.6,26,,0
28.7,37.7,272.56,53,77.14,33.6,25,,0
27.8,35.1,226.64,67.5,80.69,30,26,,0
28.4,37.4,114.14,53.1,77.79,32.4,25,,0
28.3,36.6,248.52,65.9,71.05,32.3,25,,0
27,33.7,144.59,73.8,71.13,31,23,,0
26.4,31.1,323.63,82.6,72.85,29,24.6,,1
25.5,34.1,216.05,78,84.67,29.6,22,,1
27.1,37.7,182.14,58.9,84.29,33.4,23.4,,0
27.5,36.5,271.23,57.6,81.03,31,24,,0
28,36.1,268.43,41.1,65.89,33,23,,0
28.3,37.9,173.57,51.3,72.55,32.6,25,,0
28.1,39,138.56,58.8,79.03,34.2,24.9,51.8,0
29,38.7,163.72,56.4,75.96,34,24.6,,0
28.4,38.5,157.81,51.2,79.92,33,25,,0
28.6,40,138.05,52.7,79.4,33,26,,0
28.7,39.4,112.9,63.3,77.96,32.2,26,,0
27.7,38.8,169.78,62,86.14,32,25,,0
27.8,39.5,178.68,54.9,82.24,33.6,24,,0
27.8,39.3,237.84,51.3,85.57,33.4,25,,0
28,34.8,135.37,48.9,73.42,32.6,24,,0
28.3,35.8,83.84,61.2,72.09,33,25,,0
28.5,34.5,149.76,70,70.49,32.3,26,,0
28.3,35.4,133.5,64.6,72.16,33.1,25,,0
28.2,36.9,62.52,60.8,70.74,32.8,23.4,,0
26.8,33.6,105.3,82.6,86.29,29,25,,0
27.2,35.5,102,72.7,81.9,31.4,24.1,,0
27.7,35.9,141.19,70.2,80.73,31,25,,0
28.2,35.9,98.96,56.6,73.61,32.9,24,,0
27.5,33.5,98.17,40.5,60.22,33,22.4,,0
26.8,31.8,51.71,32.6,53.81,32,22,,0
26.7,33.2,199.43,28,65.4,32,21.5,,0
27.7,34.8,162,38.3,64.86,33,22.4,,0
27.3,33.7,97.82,60.6,68.93,30.6,24,,0
27.4,34.1,49.65,49.5,65.2,32,23,,0
27.6,33.2,125.46,68.4,63.25,30.9,25,,0
27,35.6,157.86,75.3,79.17,31.4,25,,0
27.2,36.8,245.72,80.7,88.1,30.6,24,,1
27.9,39.2,159.53,63,87.36,32,26,,1
27.4,36.2,248.24,67.8,87.05,30,25,,1
28.2,39.2,118.1,62.2,81.5,33.6,25,,1
28,38.2,161.82,54.2,84.36,33,25,,1
28,36.1,107,52.6,76.65,33,24,,1
28.5,35.8,183.59,55.2,70.64,33,25,,0
28.1,35.3,51.05,62.6,68,31.6,24,,0
27.4,33.3,42.67,59.9,66.5,31,24.4,,0
25.8,30.4,155.17,62.5,65.41,29.5,23,,0
26.2,31.8,99.29,62.5,58.39,31,22,,0
25.5,28.9,299.42,77.3,64.29,28,22.9,,0
25.4,33.9,290.83,88.9,81.06,30.5,23,38.9,0
27.5,36.8,167.3,62.4,83.25,32.5,23.9,37.1,0
27.7,35.8,121.96,56.1,78.67,32,23.4,,0
28.1,35.9,172,56.5,76.61,33.6,24,,0
27.9,37.4,230,51.5,78.68,33.6,24,,0
27.6,35.1,242.43,47.7,75.42,32.2,24,,0
28.1,34.9,219.05,62.4,75.07,32.9,24.9,,0
27.2,31.1,84.63,77.5,64.6,30,25,,0
26.4,29.2,83,67.7,53.66,29,24,,0
25.3,29,23.79,76.5,57.09,28.6,23,,0
25.9,30.8,154,67.8,60.12,29.8,22,,0
27,33.1,189.55,50.1,68.54,30.4,23.4,,0
27.8,33.9,97.39,62.2,69.17,32.2,24.5,,1
27.4,33.7,122.67,67.8,72.82,30.4,24.5,,0
27.9,34.2,86,71.4,68.82,30.5,24.6,,0
28.1,33.7,136.86,57,68.8,32,25.2,,0
27.6,34.8,187.65,58.2,71.9,31.4,24.6,,0
27,31.6,104.64,41.8,60.32,30.4,24,,0
26,30.5,243.27,41.3,66.37,29,22.5,,1
26.3,31.2,201.67,44.6,61.12,30.4,22.5,,0
25,28.7,134.5,34.6,54.55,29,21.3,,0
23.5,27.6,254.91,42.4,63.61,27.2,19.8,,0
24.4,28.9,214.04,45.4,71.79,27.9,19.9,,0
25.4,29.4,128.1,40,68.22,28.8,21.9,,0
25.9,30.9,155.5,34,70.57,29.7,22.1,35.3,0
26.3,30.1,56.29,36.6,59.34,30.6,23,40.7,1
25.5,29.5,72.17,41.6,53.37,29.6,21.2,25.9,1
24,28,258.61,44,63.33,27.6,21,,0
26.6,31.4,233.95,37.5,66.25,30.6,23.1,,0
27.2,32.1,223.13,49.2,73.11,30.7,24.5,,0
26.2,31.8,207.38,78.2,83.27,28.8,24.6,,0
27,33.9,158.61,73,76.32,30.5,24.1,,0
26.9,33.2,166.64,58.3,74.18,30.6,24,,0
26.9,33.8,153.91,51.8,76.33,30.6,23.9,,0
27.9,34.6,124.75,47.8,67.7,31,25,,0
27.6,33.7,131.5,38.7,69.45,31.2,24.5,,0
27,34.3,126.14,49.1,71.4,30.5,24.1,,0
26.9,30.9,113.82,36.8,57.74,31.3,23.5,,0
26.1,30.6,218.48,41.2,64.26,29.6,22.5,,1
27.1,31.9,200.17,58.3,66.39,30.7,24,,1
27,33.3,183.22,38.6,69.65,30.5,24,,1
26.7,31.3,175.54,34.8,64.19,30.5,23.4,,0
26.5,31.1,251.61,38.7,67,30,23.5,,1
27.4,32.1,229.57,45.3,62.32,31.2,22.9,,0
27.5,33.4,253.38,54.4,70.5,30.6,25.1,,0
27.5,33,234.22,65.7,69.76,30.6,24,,1
27.2,34.2,243.13,63.7,76.3,30.6,25.2,,1
26.2,32.8,169.48,71.2,84.09,29,24.3,,0
28.1,34.5,184.7,50.8,69.89,32.8,24.9,,0
28.1,34.5,202.39,60.6,72.56,31,25.5,,0
26.2,32.6,172.5,63.5,82.79,29,25,,1
26.4,32.3,179.09,57.5,74.85,31,24,,1
25.3,30.3,150.06,51.2,76.69,28.8,23,,1
25.5,31.4,150.48,55.8,73.42,30.1,22.5,,1
24.9,29.9,152.17,56.5,76.48,28.2,22,,0
25.5,30.1,138.92,40.1,71.96,29,22.6,,0
26.4,30.3,132.83,28.6,63.27,30.2,22.6,,0
26.2,30.2,265.95,37.8,59.88,30,22.1,,0
27.3,32.2,162.65,31.8,52.13,33,23,,0
26.7,31.3,117.43,25,55.07,33,22,,0
26.1,31.9,174.77,30.3,63.93,32,21.9,,0
25.8,30.4,164.58,40,68.35,29.4,22.9,,0
26.2,31.7,174.5,36.7,69.87,30.1,22.6,,0
26.6,32.2,183.5,47.8,72.19,29.7,24,,0
27.1,33.4,190.04,44.1,72.99,30.4,24.2,,0
27.7,35,170.05,41.8,75.67,30.8,25,,0
28,36.9,156.78,46.3,74.15,31.9,25.1,,0
28.5,36.2,132.67,43.4,69.5,32.8,25,,0
29,38.4,140.92,30.4,69.11,34.1,25.6,,0
28.6,36.4,136.71,32.1,71.05,32.2,25.6,,0
28.9,35.7,133.04,46.9,65.78,33.6,25.6,,0
29.2,35,123.88,32.4,60.21,33.3,25.6,,0
28.6,32.9,134.33,24.5,57.95,33.1,24.6,,0
28.8,34.3,137.08,26,60.59,33.2,25.1,,0
28.8,37.7,142.91,27.1,65.82,35,25,,0
29.2,35.3,111.83,36,58.61,35,25,,0
29.1,36.3,105.13,51.3,61.58,35,25,,1
29.2,36.5,134.44,40.1,60.49,34.9,25,,1
29.5,36.1,113.57,34.2,60.08,35,25,,1
29.9,35.7,129.56,41.7,53.08,35,26,,1
29.5,36.1,152.84,40.9,55.81,35,26,,0
28.3,35.7,199.9,30.2,66.44,35,24.1,,0
